,run_time,user,text,favorite_count,retweet_count,created_at
0,2022-10-27 15:05:26.341246,naira_rates,"Thu October, 11:05:00 AM 

ğŸ’µ 1 USD &gt;&gt;&gt;&gt;&gt; â‚¦756.858
ğŸ’· 1 GBP &gt;&gt;&gt;&gt;&gt; â‚¦901.922
ğŸ’¶ 1 EUR &gt;&gt;&gt;&gt;&gt; â‚¦787.512

 v1.0.6",444,213,2022-10-27 11:05:01+00:00
1,2022-10-27 15:05:26.341246,naira_rates,"Crypto P2P | SELL (Average)
Thu October, 09:00:08 AM 

ğŸª™ 1 ETH &gt;&gt;&gt;&gt;&gt; â‚¦1,182,805.753
ğŸª™ 1 BTC &gt;&gt;&gt;&gt;&gt; â‚¦15,853,325.074
ğŸª™ 1 BNB &gt;&gt;&gt;&gt;&gt; â‚¦220,313.948
ğŸª™ 1 SOL &gt;&gt;&gt;&gt;&gt; â‚¦23,964.364
ğŸª™ 1 USDT &gt;&gt;&gt;&gt;&gt; â‚¦764.708
ğŸª™ 1 USDC &gt;&gt;&gt;&gt;&gt; â‚¦764.690

 v1.0.6",79,27,2022-10-27 09:00:08+00:00
2,2022-10-27 15:05:26.341246,naira_rates,"Crypto P2P | BUY (Average)
Thu October, 09:00:05 AM 

ğŸª™ 1 ETH &gt;&gt;&gt;&gt;&gt; â‚¦1,202,640.453
ğŸª™ 1 BTC &gt;&gt;&gt;&gt;&gt; â‚¦15,885,157.267
ğŸª™ 1 BNB &gt;&gt;&gt;&gt;&gt; â‚¦222,308.029
ğŸª™ 1 SOL &gt;&gt;&gt;&gt;&gt; â‚¦25,589.638
ğŸª™ 1 USDT &gt;&gt;&gt;&gt;&gt; â‚¦763.537
ğŸª™ 1 USDC &gt;&gt;&gt;&gt;&gt; â‚¦763.519

 v1.0.6",46,10,2022-10-27 09:00:05+00:00
3,2022-10-27 15:05:26.341246,naira_rates,"Wed October, 11:05:01 AM 

ğŸ’µ 1 USD &gt;&gt;&gt;&gt;&gt; â‚¦752.880
ğŸ’· 1 GBP &gt;&gt;&gt;&gt;&gt; â‚¦897.181
ğŸ’¶ 1 EUR &gt;&gt;&gt;&gt;&gt; â‚¦776.769

 v1.0.6",686,201,2022-10-26 11:05:01+00:00
4,2022-10-27 15:05:26.341246,naira_rates,"Crypto P2P | SELL (Average)
Wed October, 09:00:09 AM 

ğŸª™ 1 ETH &gt;&gt;&gt;&gt;&gt; â‚¦1,161,283.338
ğŸª™ 1 BTC &gt;&gt;&gt;&gt;&gt; â‚¦15,794,860.345
ğŸª™ 1 BNB &gt;&gt;&gt;&gt;&gt; â‚¦219,815.573
ğŸª™ 1 SOL &gt;&gt;&gt;&gt;&gt; â‚¦23,621.114
ğŸª™ 1 USDT &gt;&gt;&gt;&gt;&gt; â‚¦759.389
ğŸª™ 1 USDC &gt;&gt;&gt;&gt;&gt; â‚¦759.496

 v1.0.6",77,21,2022-10-26 09:00:09+00:00
5,2022-10-27 15:05:26.341246,naira_rates,"Crypto P2P | BUY (Average)
Wed October, 09:00:05 AM 

ğŸª™ 1 ETH &gt;&gt;&gt;&gt;&gt; â‚¦1,174,534.279
ğŸª™ 1 BTC &gt;&gt;&gt;&gt;&gt; â‚¦15,790,823.802
ğŸª™ 1 BNB &gt;&gt;&gt;&gt;&gt; â‚¦219,792.635
ğŸª™ 1 SOL &gt;&gt;&gt;&gt;&gt; â‚¦25,368.505
ğŸª™ 1 USDT &gt;&gt;&gt;&gt;&gt; â‚¦759.949
ğŸª™ 1 USDC &gt;&gt;&gt;&gt;&gt; â‚¦760.056

 v1.0.6",90,17,2022-10-26 09:00:05+00:00
6,2022-10-27 15:05:26.341246,naira_rates,"Tue October, 11:05:01 AM 

ğŸ’µ 1 USD &gt;&gt;&gt;&gt;&gt; â‚¦752.880
ğŸ’· 1 GBP &gt;&gt;&gt;&gt;&gt; â‚¦880.594
ğŸ’¶ 1 EUR &gt;&gt;&gt;&gt;&gt; â‚¦764.866

 v1.0.6",2494,872,2022-10-25 11:05:01+00:00
7,2022-10-27 15:05:26.341246,naira_rates,"Crypto P2P | SELL (Average)
Tue October, 09:00:08 AM 

ğŸª™ 1 ETH &gt;&gt;&gt;&gt;&gt; â‚¦1,021,212.382
ğŸª™ 1 BTC &gt;&gt;&gt;&gt;&gt; â‚¦14,802,895.398
ğŸª™ 1 BNB &gt;&gt;&gt;&gt;&gt; â‚¦207,214.356
ğŸª™ 1 SOL &gt;&gt;&gt;&gt;&gt; â‚¦21,415.496
ğŸª™ 1 USDT &gt;&gt;&gt;&gt;&gt; â‚¦762.290
ğŸª™ 1 USDC &gt;&gt;&gt;&gt;&gt; â‚¦762.324

 v1.0.6",198,55,2022-10-25 09:00:08+00:00
8,2022-10-27 15:05:26.341246,naira_rates,"Crypto P2P | BUY (Average)
Tue October, 09:00:02 AM 

ğŸª™ 1 ETH &gt;&gt;&gt;&gt;&gt; â‚¦1,032,087.562
ğŸª™ 1 BTC &gt;&gt;&gt;&gt;&gt; â‚¦14,623,736.749
ğŸª™ 1 BNB &gt;&gt;&gt;&gt;&gt; â‚¦208,915.297
ğŸª™ 1 SOL &gt;&gt;&gt;&gt;&gt; â‚¦22,498.658
ğŸª™ 1 USDT &gt;&gt;&gt;&gt;&gt; â‚¦762.314
ğŸª™ 1 USDC &gt;&gt;&gt;&gt;&gt; â‚¦762.348

 v1.0.6",41,7,2022-10-25 09:00:02+00:00
9,2022-10-27 15:05:26.341246,naira_rates,"Mon October, 11:05:01 AM 

ğŸ’µ 1 USD &gt;&gt;&gt;&gt;&gt; â‚¦741.192
ğŸ’· 1 GBP &gt;&gt;&gt;&gt;&gt; â‚¦855.130
ğŸ’¶ 1 EUR &gt;&gt;&gt;&gt;&gt; â‚¦752.992

 v1.0.6",163,61,2022-10-24 11:05:01+00:00
10,2022-10-27 15:05:26.341246,naira_rates,"Crypto P2P | SELL (Average)
Mon October, 09:00:07 AM 

ğŸª™ 1 ETH &gt;&gt;&gt;&gt;&gt; â‚¦1,003,535.307
ğŸª™ 1 BTC &gt;&gt;&gt;&gt;&gt; â‚¦14,640,814.271
ğŸª™ 1 BNB &gt;&gt;&gt;&gt;&gt; â‚¦205,544.596
ğŸª™ 1 SOL &gt;&gt;&gt;&gt;&gt; â‚¦21,423.303
ğŸª™ 1 USDT &gt;&gt;&gt;&gt;&gt; â‚¦753.056
ğŸª™ 1 USDC &gt;&gt;&gt;&gt;&gt; â‚¦752.883

 v1.0.6",47,10,2022-10-24 09:00:07+00:00
11,2022-10-27 15:05:26.341246,naira_rates,"Crypto P2P | BUY (Average)
Mon October, 09:00:04 AM 

ğŸª™ 1 ETH &gt;&gt;&gt;&gt;&gt; â‚¦1,010,003.209
ğŸª™ 1 BTC &gt;&gt;&gt;&gt;&gt; â‚¦14,583,048.773
ğŸª™ 1 BNB &gt;&gt;&gt;&gt;&gt; â‚¦206,811.392
ğŸª™ 1 SOL &gt;&gt;&gt;&gt;&gt; â‚¦22,646.026
ğŸª™ 1 USDT &gt;&gt;&gt;&gt;&gt; â‚¦752.727
ğŸª™ 1 USDC &gt;&gt;&gt;&gt;&gt; â‚¦752.554

 v1.0.6",42,10,2022-10-24 09:00:04+00:00
12,2022-10-27 15:05:26.341246,naira_rates,"Sun October, 11:05:01 AM 

ğŸ’µ 1 USD &gt;&gt;&gt;&gt;&gt; â‚¦741.192
ğŸ’· 1 GBP &gt;&gt;&gt;&gt;&gt; â‚¦855.130
ğŸ’¶ 1 EUR &gt;&gt;&gt;&gt;&gt; â‚¦747.247

 v1.0.6",144,56,2022-10-23 11:05:01+00:00
13,2022-10-27 15:05:26.341246,naira_rates,"Crypto P2P | SELL (Average)
Sun October, 09:00:08 AM 

ğŸª™ 1 ETH &gt;&gt;&gt;&gt;&gt; â‚¦983,348.964
ğŸª™ 1 BTC &gt;&gt;&gt;&gt;&gt; â‚¦14,480,117.496
ğŸª™ 1 BNB &gt;&gt;&gt;&gt;&gt; â‚¦202,505.944
ğŸª™ 1 SOL &gt;&gt;&gt;&gt;&gt; â‚¦21,173.214
ğŸª™ 1 USDT &gt;&gt;&gt;&gt;&gt; â‚¦752.351
ğŸª™ 1 USDC &gt;&gt;&gt;&gt;&gt; â‚¦751.444

 v1.0.6",61,17,2022-10-23 09:00:09+00:00
14,2022-10-27 15:05:26.341246,naira_rates,"Crypto P2P | BUY (Average)
Sun October, 09:00:03 AM 

ğŸª™ 1 ETH &gt;&gt;&gt;&gt;&gt; â‚¦991,548.571
ğŸª™ 1 BTC &gt;&gt;&gt;&gt;&gt; â‚¦14,461,872.115
ğŸª™ 1 BNB &gt;&gt;&gt;&gt;&gt; â‚¦204,283.689
ğŸª™ 1 SOL &gt;&gt;&gt;&gt;&gt; â‚¦22,150.044
ğŸª™ 1 USDT &gt;&gt;&gt;&gt;&gt; â‚¦752.762
ğŸª™ 1 USDC &gt;&gt;&gt;&gt;&gt; â‚¦751.855

 v1.0.6",49,14,2022-10-23 09:00:03+00:00
15,2022-10-27 15:05:26.341246,naira_rates,"Sat October, 11:05:01 AM 

ğŸ’µ 1 USD &gt;&gt;&gt;&gt;&gt; â‚¦741.192
ğŸ’· 1 GBP &gt;&gt;&gt;&gt;&gt; â‚¦855.130
ğŸ’¶ 1 EUR &gt;&gt;&gt;&gt;&gt; â‚¦747.247

 v1.0.6",201,71,2022-10-22 11:05:01+00:00
16,2022-10-27 15:05:26.341246,naira_rates,"Crypto P2P | SELL (Average)
Sat October, 09:00:11 AM 

ğŸª™ 1 ETH &gt;&gt;&gt;&gt;&gt; â‚¦977,931.532
ğŸª™ 1 BTC &gt;&gt;&gt;&gt;&gt; â‚¦14,469,145.955
ğŸª™ 1 BNB &gt;&gt;&gt;&gt;&gt; â‚¦202,596.097
ğŸª™ 1 SOL &gt;&gt;&gt;&gt;&gt; â‚¦20,900.010
ğŸª™ 1 USDT &gt;&gt;&gt;&gt;&gt; â‚¦754.319
ğŸª™ 1 USDC &gt;&gt;&gt;&gt;&gt; â‚¦754.022

 v1.0.6",84,20,2022-10-22 09:00:11+00:00
17,2022-10-27 15:05:26.341246,naira_rates,"Crypto P2P | BUY (Average)
Sat October, 09:00:05 AM 

ğŸª™ 1 ETH &gt;&gt;&gt;&gt;&gt; â‚¦984,497.666
ğŸª™ 1 BTC &gt;&gt;&gt;&gt;&gt; â‚¦14,469,328.492
ğŸª™ 1 BNB &gt;&gt;&gt;&gt;&gt; â‚¦204,149.888
ğŸª™ 1 SOL &gt;&gt;&gt;&gt;&gt; â‚¦22,001.418
ğŸª™ 1 USDT &gt;&gt;&gt;&gt;&gt; â‚¦753.421
ğŸª™ 1 USDC &gt;&gt;&gt;&gt;&gt; â‚¦753.124

 v1.0.6",44,12,2022-10-22 09:00:05+00:00
18,2022-10-27 15:05:26.341246,naira_rates,"Fri October, 11:05:00 AM 

ğŸ’µ 1 USD &gt;&gt;&gt;&gt;&gt; â‚¦736.294
ğŸ’· 1 GBP &gt;&gt;&gt;&gt;&gt; â‚¦854.435
ğŸ’¶ 1 EUR &gt;&gt;&gt;&gt;&gt; â‚¦742.308

 v1.0.6",87,26,2022-10-21 11:05:01+00:00
19,2022-10-27 15:05:26.341246,naira_rates,"Crypto P2P | SELL (Average)
Fri October, 09:00:11 AM 

ğŸª™ 1 ETH &gt;&gt;&gt;&gt;&gt; â‚¦958,764.813
ğŸª™ 1 BTC &gt;&gt;&gt;&gt;&gt; â‚¦14,335,177.289
ğŸª™ 1 BNB &gt;&gt;&gt;&gt;&gt; â‚¦199,737.968
ğŸª™ 1 SOL &gt;&gt;&gt;&gt;&gt; â‚¦20,665.035
ğŸª™ 1 USDT &gt;&gt;&gt;&gt;&gt; â‚¦752.096
ğŸª™ 1 USDC &gt;&gt;&gt;&gt;&gt; â‚¦751.133

 v1.0.6",64,22,2022-10-21 09:00:11+00:00
20,2022-10-27 15:05:26.341246,naira_rates,"Crypto P2P | BUY (Average)
Fri October, 09:00:05 AM 

ğŸª™ 1 ETH &gt;&gt;&gt;&gt;&gt; â‚¦968,260.816
ğŸª™ 1 BTC &gt;&gt;&gt;&gt;&gt; â‚¦14,334,398.808
ğŸª™ 1 BNB &gt;&gt;&gt;&gt;&gt; â‚¦202,336.956
ğŸª™ 1 SOL &gt;&gt;&gt;&gt;&gt; â‚¦22,250.882
ğŸª™ 1 USDT &gt;&gt;&gt;&gt;&gt; â‚¦752.002
ğŸª™ 1 USDC &gt;&gt;&gt;&gt;&gt; â‚¦751.039

 v1.0.6",49,18,2022-10-21 09:00:05+00:00
21,2022-10-27 15:05:26.341246,naira_rates,"Thu October, 11:05:04 AM 

ğŸ’µ 1 USD &gt;&gt;&gt;&gt;&gt; â‚¦733.601
ğŸ’· 1 GBP &gt;&gt;&gt;&gt;&gt; â‚¦853.929
ğŸ’¶ 1 EUR &gt;&gt;&gt;&gt;&gt; â‚¦741.838

 v1.0.6",151,56,2022-10-20 11:05:04+00:00
22,2022-10-27 15:05:26.341246,naira_rates,"Crypto P2P | SELL (Average)
Thu October, 09:00:11 AM 

ğŸª™ 1 ETH &gt;&gt;&gt;&gt;&gt; â‚¦964,354.586
ğŸª™ 1 BTC &gt;&gt;&gt;&gt;&gt; â‚¦14,378,324.912
ğŸª™ 1 BNB &gt;&gt;&gt;&gt;&gt; â‚¦202,804.380
ğŸª™ 1 SOL &gt;&gt;&gt;&gt;&gt; â‚¦21,645.241
ğŸª™ 1 USDT &gt;&gt;&gt;&gt;&gt; â‚¦748.985
ğŸª™ 1 USDC &gt;&gt;&gt;&gt;&gt; â‚¦749.079

 v1.0.6",67,12,2022-10-20 09:00:11+00:00
23,2022-10-27 15:05:26.341246,naira_rates,"Crypto P2P | BUY (Average)
Thu October, 09:00:06 AM 

ğŸª™ 1 ETH &gt;&gt;&gt;&gt;&gt; â‚¦974,464.111
ğŸª™ 1 BTC &gt;&gt;&gt;&gt;&gt; â‚¦14,365,664.353
ğŸª™ 1 BNB &gt;&gt;&gt;&gt;&gt; â‚¦204,299.444
ğŸª™ 1 SOL &gt;&gt;&gt;&gt;&gt; â‚¦23,187.149
ğŸª™ 1 USDT &gt;&gt;&gt;&gt;&gt; â‚¦747.522
ğŸª™ 1 USDC &gt;&gt;&gt;&gt;&gt; â‚¦747.616

 v1.0.6",245,53,2022-10-20 09:00:06+00:00
24,2022-10-27 15:05:26.341246,naira_rates,"Wed October, 11:05:39 AM 

ğŸ’µ 1 USD &gt;&gt;&gt;&gt;&gt; â‚¦731.460
ğŸ’· 1 GBP &gt;&gt;&gt;&gt;&gt; â‚¦857.033
ğŸ’¶ 1 EUR &gt;&gt;&gt;&gt;&gt; â‚¦741.911

 v1.0.6",215,76,2022-10-19 11:05:39+00:00
25,2022-10-27 15:05:26.341246,naira_rates,"Crypto P2P | SELL (Average)
Wed October, 09:00:09 AM 

ğŸª™ 1 ETH &gt;&gt;&gt;&gt;&gt; â‚¦968,257.571
ğŸª™ 1 BTC &gt;&gt;&gt;&gt;&gt; â‚¦14,389,105.421
ğŸª™ 1 BNB &gt;&gt;&gt;&gt;&gt; â‚¦202,092.876
ğŸª™ 1 SOL &gt;&gt;&gt;&gt;&gt; â‚¦22,297.938
ğŸª™ 1 USDT &gt;&gt;&gt;&gt;&gt; â‚¦747.089
ğŸª™ 1 USDC &gt;&gt;&gt;&gt;&gt; â‚¦746.939

 v1.0.6",64,11,2022-10-19 09:00:09+00:00
26,2022-10-27 15:05:26.341246,naira_rates,"Crypto P2P | BUY (Average)
Wed October, 09:00:05 AM 

ğŸª™ 1 ETH &gt;&gt;&gt;&gt;&gt; â‚¦979,599.647
ğŸª™ 1 BTC &gt;&gt;&gt;&gt;&gt; â‚¦14,400,000.985
ğŸª™ 1 BNB &gt;&gt;&gt;&gt;&gt; â‚¦204,267.039
ğŸª™ 1 SOL &gt;&gt;&gt;&gt;&gt; â‚¦23,309.185
ğŸª™ 1 USDT &gt;&gt;&gt;&gt;&gt; â‚¦746.871
ğŸª™ 1 USDC &gt;&gt;&gt;&gt;&gt; â‚¦746.721

 v1.0.6",44,6,2022-10-19 09:00:06+00:00
27,2022-10-27 15:05:26.341246,naira_rates,"Tue October, 11:05:01 AM 

ğŸ’µ 1 USD &gt;&gt;&gt;&gt;&gt; â‚¦731.460
ğŸ’· 1 GBP &gt;&gt;&gt;&gt;&gt; â‚¦850.318
ğŸ’¶ 1 EUR &gt;&gt;&gt;&gt;&gt; â‚¦746.462

 v1.0.6",181,58,2022-10-18 11:05:01+00:00
28,2022-10-27 15:05:26.341246,naira_rates,"Crypto P2P | SELL (Average)
Tue October, 09:00:10 AM 

ğŸª™ 1 ETH &gt;&gt;&gt;&gt;&gt; â‚¦985,263.618
ğŸª™ 1 BTC &gt;&gt;&gt;&gt;&gt; â‚¦14,672,055.749
ğŸª™ 1 BNB &gt;&gt;&gt;&gt;&gt; â‚¦203,356.113
ğŸª™ 1 SOL &gt;&gt;&gt;&gt;&gt; â‚¦22,761.046
ğŸª™ 1 USDT &gt;&gt;&gt;&gt;&gt; â‚¦746.378
ğŸª™ 1 USDC &gt;&gt;&gt;&gt;&gt; â‚¦746.205

 v1.0.6",50,14,2022-10-18 09:00:10+00:00
29,2022-10-27 15:05:26.341246,naira_rates,"Crypto P2P | BUY (Average)
Tue October, 09:00:05 AM 

ğŸª™ 1 ETH &gt;&gt;&gt;&gt;&gt; â‚¦992,690.712
ğŸª™ 1 BTC &gt;&gt;&gt;&gt;&gt; â‚¦14,662,784.479
ğŸª™ 1 BNB &gt;&gt;&gt;&gt;&gt; â‚¦205,124.711
ğŸª™ 1 SOL &gt;&gt;&gt;&gt;&gt; â‚¦24,176.304
ğŸª™ 1 USDT &gt;&gt;&gt;&gt;&gt; â‚¦746.167
ğŸª™ 1 USDC &gt;&gt;&gt;&gt;&gt; â‚¦745.994

 v1.0.6",29,10,2022-10-18 09:00:06+00:00
30,2022-10-27 15:05:26.341246,naira_rates,"Mon October, 11:05:00 AM 

ğŸ’µ 1 USD &gt;&gt;&gt;&gt;&gt; â‚¦725.638
ğŸ’· 1 GBP &gt;&gt;&gt;&gt;&gt; â‚¦843.549
ğŸ’¶ 1 EUR &gt;&gt;&gt;&gt;&gt; â‚¦731.195

 v1.0.6",146,64,2022-10-17 11:05:01+00:00
31,2022-10-27 15:05:26.341246,naira_rates,"Crypto P2P | SELL (Average)
Mon October, 09:00:08 AM 

ğŸª™ 1 ETH &gt;&gt;&gt;&gt;&gt; â‚¦967,929.012
ğŸª™ 1 BTC &gt;&gt;&gt;&gt;&gt; â‚¦14,314,025.959
ğŸª™ 1 BNB &gt;&gt;&gt;&gt;&gt; â‚¦200,562.217
ğŸª™ 1 SOL &gt;&gt;&gt;&gt;&gt; â‚¦22,242.285
ğŸª™ 1 USDT &gt;&gt;&gt;&gt;&gt; â‚¦741.768
ğŸª™ 1 USDC &gt;&gt;&gt;&gt;&gt; â‚¦742.548

 v1.0.6",55,18,2022-10-17 09:00:08+00:00
32,2022-10-27 15:05:26.341246,naira_rates,"Crypto P2P | BUY (Average)
Mon October, 09:00:02 AM 

ğŸª™ 1 ETH &gt;&gt;&gt;&gt;&gt; â‚¦975,274.887
ğŸª™ 1 BTC &gt;&gt;&gt;&gt;&gt; â‚¦14,190,985.778
ğŸª™ 1 BNB &gt;&gt;&gt;&gt;&gt; â‚¦201,849.655
ğŸª™ 1 SOL &gt;&gt;&gt;&gt;&gt; â‚¦23,934.264
ğŸª™ 1 USDT &gt;&gt;&gt;&gt;&gt; â‚¦740.605
ğŸª™ 1 USDC &gt;&gt;&gt;&gt;&gt; â‚¦741.384

 v1.0.6",53,10,2022-10-17 09:00:02+00:00
33,2022-10-27 15:05:26.341246,naira_rates,"Sun October, 11:05:01 AM 

ğŸ’µ 1 USD &gt;&gt;&gt;&gt;&gt; â‚¦724.589
ğŸ’· 1 GBP &gt;&gt;&gt;&gt;&gt; â‚¦842.330
ğŸ’¶ 1 EUR &gt;&gt;&gt;&gt;&gt; â‚¦730.138

 v1.0.6",185,62,2022-10-16 11:05:01+00:00
34,2022-10-27 15:05:26.341246,naira_rates,"Crypto P2P | SELL (Average)
Sun October, 09:00:12 AM 

ğŸª™ 1 ETH &gt;&gt;&gt;&gt;&gt; â‚¦951,568.372
ğŸª™ 1 BTC &gt;&gt;&gt;&gt;&gt; â‚¦14,224,864.322
ğŸª™ 1 BNB &gt;&gt;&gt;&gt;&gt; â‚¦199,919.663
ğŸª™ 1 SOL &gt;&gt;&gt;&gt;&gt; â‚¦21,987.380
ğŸª™ 1 USDT &gt;&gt;&gt;&gt;&gt; â‚¦740.792
ğŸª™ 1 USDC &gt;&gt;&gt;&gt;&gt; â‚¦740.764

 v1.0.6",66,24,2022-10-16 09:00:12+00:00
35,2022-10-27 15:05:26.341246,naira_rates,"Crypto P2P | BUY (Average)
Sun October, 09:00:06 AM 

ğŸª™ 1 ETH &gt;&gt;&gt;&gt;&gt; â‚¦960,282.720
ğŸª™ 1 BTC &gt;&gt;&gt;&gt;&gt; â‚¦14,218,442.944
ğŸª™ 1 BNB &gt;&gt;&gt;&gt;&gt; â‚¦201,422.752
ğŸª™ 1 SOL &gt;&gt;&gt;&gt;&gt; â‚¦24,033.255
ğŸª™ 1 USDT &gt;&gt;&gt;&gt;&gt; â‚¦740.236
ğŸª™ 1 USDC &gt;&gt;&gt;&gt;&gt; â‚¦740.208

 v1.0.6",38,15,2022-10-16 09:00:07+00:00
36,2022-10-27 15:05:26.341246,naira_rates,"Sat October, 11:05:01 AM 

ğŸ’µ 1 USD &gt;&gt;&gt;&gt;&gt; â‚¦724.589
ğŸ’· 1 GBP &gt;&gt;&gt;&gt;&gt; â‚¦842.330
ğŸ’¶ 1 EUR &gt;&gt;&gt;&gt;&gt; â‚¦730.138

 v1.0.6",120,41,2022-10-15 11:05:01+00:00
37,2022-10-27 15:05:26.341246,naira_rates,"Crypto P2P | SELL (Average)
Sat October, 09:00:11 AM 

ğŸª™ 1 ETH &gt;&gt;&gt;&gt;&gt; â‚¦943,435.567
ğŸª™ 1 BTC &gt;&gt;&gt;&gt;&gt; â‚¦14,218,365.506
ğŸª™ 1 BNB &gt;&gt;&gt;&gt;&gt; â‚¦198,608.356
ğŸª™ 1 SOL &gt;&gt;&gt;&gt;&gt; â‚¦21,879.462
ğŸª™ 1 USDT &gt;&gt;&gt;&gt;&gt; â‚¦741.488
ğŸª™ 1 USDC &gt;&gt;&gt;&gt;&gt; â‚¦741.309

 v1.0.6",50,15,2022-10-15 09:00:11+00:00
38,2022-10-27 15:05:26.341246,naira_rates,"Crypto P2P | BUY (Average)
Sat October, 09:00:05 AM 

ğŸª™ 1 ETH &gt;&gt;&gt;&gt;&gt; â‚¦955,561.267
ğŸª™ 1 BTC &gt;&gt;&gt;&gt;&gt; â‚¦14,207,035.215
ğŸª™ 1 BNB &gt;&gt;&gt;&gt;&gt; â‚¦200,810.296
ğŸª™ 1 SOL &gt;&gt;&gt;&gt;&gt; â‚¦24,007.820
ğŸª™ 1 USDT &gt;&gt;&gt;&gt;&gt; â‚¦740.659
ğŸª™ 1 USDC &gt;&gt;&gt;&gt;&gt; â‚¦740.480

 v1.0.6",41,10,2022-10-15 09:00:05+00:00
39,2022-10-27 15:05:26.341246,naira_rates,"Fri October, 11:05:01 AM 

ğŸ’µ 1 USD &gt;&gt;&gt;&gt;&gt; â‚¦724.589
ğŸ’· 1 GBP &gt;&gt;&gt;&gt;&gt; â‚¦819.622
ğŸ’¶ 1 EUR &gt;&gt;&gt;&gt;&gt; â‚¦730.138

 v1.0.6",145,49,2022-10-14 11:05:01+00:00
40,2022-10-27 15:05:26.341246,naira_rates,"Crypto P2P | SELL (Average)
Fri October, 09:00:08 AM 

ğŸª™ 1 ETH &gt;&gt;&gt;&gt;&gt; â‚¦974,505.664
ğŸª™ 1 BTC &gt;&gt;&gt;&gt;&gt; â‚¦14,478,065.396
ğŸª™ 1 BNB &gt;&gt;&gt;&gt;&gt; â‚¦201,928.806
ğŸª™ 1 SOL &gt;&gt;&gt;&gt;&gt; â‚¦22,949.121
ğŸª™ 1 USDT &gt;&gt;&gt;&gt;&gt; â‚¦740.026
ğŸª™ 1 USDC &gt;&gt;&gt;&gt;&gt; â‚¦739.712

 v1.0.6",61,20,2022-10-14 09:00:09+00:00
41,2022-10-27 15:05:26.341246,naira_rates,"Crypto P2P | BUY (Average)
Fri October, 09:00:04 AM 

ğŸª™ 1 ETH &gt;&gt;&gt;&gt;&gt; â‚¦985,360.507
ğŸª™ 1 BTC &gt;&gt;&gt;&gt;&gt; â‚¦14,534,137.407
ğŸª™ 1 BNB &gt;&gt;&gt;&gt;&gt; â‚¦202,676.426
ğŸª™ 1 SOL &gt;&gt;&gt;&gt;&gt; â‚¦25,005.662
ğŸª™ 1 USDT &gt;&gt;&gt;&gt;&gt; â‚¦737.364
ğŸª™ 1 USDC &gt;&gt;&gt;&gt;&gt; â‚¦737.051

 v1.0.6",39,9,2022-10-14 09:00:04+00:00
42,2022-10-27 15:05:26.341246,naira_rates,"Thu October, 11:05:02 AM 

ğŸ’µ 1 USD &gt;&gt;&gt;&gt;&gt; â‚¦721.461
ğŸ’· 1 GBP &gt;&gt;&gt;&gt;&gt; â‚¦807.394
ğŸ’¶ 1 EUR &gt;&gt;&gt;&gt;&gt; â‚¦713.057

 v1.0.6",189,61,2022-10-13 11:05:02+00:00
43,2022-10-27 15:05:26.341246,naira_rates,"Crypto P2P | SELL (Average)
Thu October, 09:00:10 AM 

ğŸª™ 1 ETH &gt;&gt;&gt;&gt;&gt; â‚¦939,950.226
ğŸª™ 1 BTC &gt;&gt;&gt;&gt;&gt; â‚¦14,095,591.139
ğŸª™ 1 BNB &gt;&gt;&gt;&gt;&gt; â‚¦195,611.175
ğŸª™ 1 SOL &gt;&gt;&gt;&gt;&gt; â‚¦21,780.958
ğŸª™ 1 USDT &gt;&gt;&gt;&gt;&gt; â‚¦738.842
ğŸª™ 1 USDC &gt;&gt;&gt;&gt;&gt; â‚¦738.834

 v1.0.6",51,13,2022-10-13 09:00:10+00:00
44,2022-10-27 15:05:26.341246,naira_rates,"Crypto P2P | BUY (Average)
Thu October, 09:00:05 AM 

ğŸª™ 1 ETH &gt;&gt;&gt;&gt;&gt; â‚¦949,878.435
ğŸª™ 1 BTC &gt;&gt;&gt;&gt;&gt; â‚¦14,086,084.063
ğŸª™ 1 BNB &gt;&gt;&gt;&gt;&gt; â‚¦197,816.297
ğŸª™ 1 SOL &gt;&gt;&gt;&gt;&gt; â‚¦24,215.269
ğŸª™ 1 USDT &gt;&gt;&gt;&gt;&gt; â‚¦737.885
ğŸª™ 1 USDC &gt;&gt;&gt;&gt;&gt; â‚¦737.877

 v1.0.6",21,5,2022-10-13 09:00:05+00:00
45,2022-10-27 15:05:26.341246,naira_rates,"Wed October, 11:05:01 AM 

ğŸ’µ 1 USD &gt;&gt;&gt;&gt;&gt; â‚¦716.820
ğŸ’· 1 GBP &gt;&gt;&gt;&gt;&gt; â‚¦805.641
ğŸ’¶ 1 EUR &gt;&gt;&gt;&gt;&gt; â‚¦710.082

 v1.0.6",200,59,2022-10-12 11:05:01+00:00
46,2022-10-27 15:05:26.341246,naira_rates,"Crypto P2P | SELL (Average)
Wed October, 09:00:10 AM 

ğŸª™ 1 ETH &gt;&gt;&gt;&gt;&gt; â‚¦954,544.758
ğŸª™ 1 BTC &gt;&gt;&gt;&gt;&gt; â‚¦14,134,823.506
ğŸª™ 1 BNB &gt;&gt;&gt;&gt;&gt; â‚¦200,155.565
ğŸª™ 1 SOL &gt;&gt;&gt;&gt;&gt; â‚¦22,656.919
ğŸª™ 1 USDT &gt;&gt;&gt;&gt;&gt; â‚¦737.740
ğŸª™ 1 USDC &gt;&gt;&gt;&gt;&gt; â‚¦737.869

 v1.0.6",43,6,2022-10-12 09:00:10+00:00
47,2022-10-27 15:05:26.341246,naira_rates,"Crypto P2P | BUY (Average)
Wed October, 09:00:06 AM 

ğŸª™ 1 ETH &gt;&gt;&gt;&gt;&gt; â‚¦962,206.573
ğŸª™ 1 BTC &gt;&gt;&gt;&gt;&gt; â‚¦14,135,253.157
ğŸª™ 1 BNB &gt;&gt;&gt;&gt;&gt; â‚¦201,534.284
ğŸª™ 1 SOL &gt;&gt;&gt;&gt;&gt; â‚¦24,441.438
ğŸª™ 1 USDT &gt;&gt;&gt;&gt;&gt; â‚¦733.378
ğŸª™ 1 USDC &gt;&gt;&gt;&gt;&gt; â‚¦733.506

 v1.0.6",60,14,2022-10-12 09:00:06+00:00
48,2022-10-27 15:05:26.341246,naira_rates,"Crypto P2P | SELL (Average)
Tue October, 22:25:53 PM 

ğŸª™ 1 ETH &gt;&gt;&gt;&gt;&gt; â‚¦937,626.930
ğŸª™ 1 BTC &gt;&gt;&gt;&gt;&gt; â‚¦13,987,649.429
ğŸª™ 1 BNB &gt;&gt;&gt;&gt;&gt; â‚¦198,263.954
ğŸª™ 1 SOL &gt;&gt;&gt;&gt;&gt; â‚¦22,721.984
ğŸª™ 1 USDT &gt;&gt;&gt;&gt;&gt; â‚¦736.332
ğŸª™ 1 USDC &gt;&gt;&gt;&gt;&gt; â‚¦735.949

 v1.0.6",81,21,2022-10-11 21:25:55+00:00
49,2022-10-27 15:05:26.341246,naira_rates,"Crypto P2P | BUY (Average)
Tue October, 22:25:45 PM 

ğŸª™ 1 ETH &gt;&gt;&gt;&gt;&gt; â‚¦948,720.496
ğŸª™ 1 BTC &gt;&gt;&gt;&gt;&gt; â‚¦14,036,391.242
ğŸª™ 1 BNB &gt;&gt;&gt;&gt;&gt; â‚¦200,529.115
ğŸª™ 1 SOL &gt;&gt;&gt;&gt;&gt; â‚¦24,490.251
ğŸª™ 1 USDT &gt;&gt;&gt;&gt;&gt; â‚¦734.722
ğŸª™ 1 USDC &gt;&gt;&gt;&gt;&gt; â‚¦734.340

 v1.0.6",45,8,2022-10-11 21:25:48+00:00
50,2022-10-27 15:05:26.341246,naira_rates,"Tue October, 11:05:01 AM 

ğŸ’µ 1 USD &gt;&gt;&gt;&gt;&gt; â‚¦716.820
ğŸ’· 1 GBP &gt;&gt;&gt;&gt;&gt; â‚¦873.293
ğŸ’¶ 1 EUR &gt;&gt;&gt;&gt;&gt; â‚¦740.661

 v1.0.5",282,93,2022-10-11 11:05:01+00:00
51,2022-10-27 15:05:26.341246,naira_rates,"Mon October, 11:05:01 AM 

ğŸ’µ 1 USD &gt;&gt;&gt;&gt;&gt; â‚¦716.820
ğŸ’· 1 GBP &gt;&gt;&gt;&gt;&gt; â‚¦873.293
ğŸ’¶ 1 EUR &gt;&gt;&gt;&gt;&gt; â‚¦740.661

 v1.0.5",157,55,2022-10-10 11:05:01+00:00
52,2022-10-27 15:05:26.341246,naira_rates,"Sun October, 11:05:01 AM 

ğŸ’µ 1 USD &gt;&gt;&gt;&gt;&gt; â‚¦716.820
ğŸ’· 1 GBP &gt;&gt;&gt;&gt;&gt; â‚¦873.293
ğŸ’¶ 1 EUR &gt;&gt;&gt;&gt;&gt; â‚¦740.661

 v1.0.5",176,58,2022-10-09 11:05:01+00:00
53,2022-10-27 15:05:26.341246,naira_rates,"Sat October, 11:05:01 AM 

ğŸ’µ 1 USD &gt;&gt;&gt;&gt;&gt; â‚¦716.820
ğŸ’· 1 GBP &gt;&gt;&gt;&gt;&gt; â‚¦873.293
ğŸ’¶ 1 EUR &gt;&gt;&gt;&gt;&gt; â‚¦740.661

 v1.0.5",186,57,2022-10-08 11:05:01+00:00
54,2022-10-27 15:05:26.341246,naira_rates,"Fri October, 11:05:01 AM 

ğŸ’µ 1 USD &gt;&gt;&gt;&gt;&gt; â‚¦716.820
ğŸ’· 1 GBP &gt;&gt;&gt;&gt;&gt; â‚¦873.293
ğŸ’¶ 1 EUR &gt;&gt;&gt;&gt;&gt; â‚¦740.661

 v1.0.5",128,46,2022-10-07 11:05:01+00:00
55,2022-10-27 15:05:26.341246,naira_rates,"Thu October, 11:05:01 AM 

ğŸ’µ 1 USD &gt;&gt;&gt;&gt;&gt; â‚¦723.543
ğŸ’· 1 GBP &gt;&gt;&gt;&gt;&gt; â‚¦881.484
ğŸ’¶ 1 EUR &gt;&gt;&gt;&gt;&gt; â‚¦747.608

 v1.0.5",124,45,2022-10-06 11:05:01+00:00
56,2022-10-27 15:05:26.341246,naira_rates,"Crypto P2P | SELL (Average)
Thu October, 09:00:10 AM 

ğŸª™ 1 ETH &gt;&gt;&gt;&gt;&gt; â‚¦988,534.014
ğŸª™ 1 BTC &gt;&gt;&gt;&gt;&gt; â‚¦14,754,304.043
ğŸª™ 1 BNB &gt;&gt;&gt;&gt;&gt; â‚¦213,872.512
ğŸª™ 1 SOL &gt;&gt;&gt;&gt;&gt; â‚¦24,476.017
ğŸª™ 1 USDT &gt;&gt;&gt;&gt;&gt; â‚¦729.180
ğŸª™ 1 USDC &gt;&gt;&gt;&gt;&gt; â‚¦728.923

 v1.0.5",55,10,2022-10-06 09:00:10+00:00
57,2022-10-27 15:05:26.341246,naira_rates,"Crypto P2P | BUY (Average)
Thu October, 09:00:06 AM 

ğŸª™ 1 ETH &gt;&gt;&gt;&gt;&gt; â‚¦998,030.212
ğŸª™ 1 BTC &gt;&gt;&gt;&gt;&gt; â‚¦14,737,825.715
ğŸª™ 1 BNB &gt;&gt;&gt;&gt;&gt; â‚¦215,182.734
ğŸª™ 1 SOL &gt;&gt;&gt;&gt;&gt; â‚¦26,148.647
ğŸª™ 1 USDT &gt;&gt;&gt;&gt;&gt; â‚¦729.353
ğŸª™ 1 USDC &gt;&gt;&gt;&gt;&gt; â‚¦729.096

 v1.0.5",32,6,2022-10-06 09:00:06+00:00
58,2022-10-27 15:05:26.341246,naira_rates,"Wed October, 11:05:01 AM 

ğŸ’µ 1 USD &gt;&gt;&gt;&gt;&gt; â‚¦723.543
ğŸ’· 1 GBP &gt;&gt;&gt;&gt;&gt; â‚¦881.484
ğŸ’¶ 1 EUR &gt;&gt;&gt;&gt;&gt; â‚¦747.608

 v1.0.5",222,64,2022-10-05 11:05:01+00:00
59,2022-10-27 15:05:26.341246,naira_rates,"Crypto P2P | SELL (Average)
Wed October, 09:00:11 AM 

ğŸª™ 1 ETH &gt;&gt;&gt;&gt;&gt; â‚¦977,243.573
ğŸª™ 1 BTC &gt;&gt;&gt;&gt;&gt; â‚¦14,720,130.836
ğŸª™ 1 BNB &gt;&gt;&gt;&gt;&gt; â‚¦212,823.982
ğŸª™ 1 SOL &gt;&gt;&gt;&gt;&gt; â‚¦24,394.457
ğŸª™ 1 USDT &gt;&gt;&gt;&gt;&gt; â‚¦730.077
ğŸª™ 1 USDC &gt;&gt;&gt;&gt;&gt; â‚¦729.731

 v1.0.5",68,18,2022-10-05 09:00:11+00:00
60,2022-10-27 15:05:26.341246,naira_rates,"Crypto P2P | BUY (Average)
Wed October, 09:00:05 AM 

ğŸª™ 1 ETH &gt;&gt;&gt;&gt;&gt; â‚¦984,733.522
ğŸª™ 1 BTC &gt;&gt;&gt;&gt;&gt; â‚¦14,724,568.435
ğŸª™ 1 BNB &gt;&gt;&gt;&gt;&gt; â‚¦214,760.585
ğŸª™ 1 SOL &gt;&gt;&gt;&gt;&gt; â‚¦25,990.122
ğŸª™ 1 USDT &gt;&gt;&gt;&gt;&gt; â‚¦730.541
ğŸª™ 1 USDC &gt;&gt;&gt;&gt;&gt; â‚¦730.195

 v1.0.5",48,14,2022-10-05 09:00:05+00:00
61,2022-10-27 15:05:26.341246,naira_rates,"Tue October, 11:05:01 AM 

ğŸ’µ 1 USD &gt;&gt;&gt;&gt;&gt; â‚¦705.722
ğŸ’· 1 GBP &gt;&gt;&gt;&gt;&gt; â‚¦859.772
ğŸ’¶ 1 EUR &gt;&gt;&gt;&gt;&gt; â‚¦729.194

 v1.0.5",197,52,2022-10-04 11:05:01+00:00
62,2022-10-27 15:05:26.341246,naira_rates,"Crypto P2P | SELL (Average)
Tue October, 09:00:10 AM 

ğŸª™ 1 ETH &gt;&gt;&gt;&gt;&gt; â‚¦960,635.387
ğŸª™ 1 BTC &gt;&gt;&gt;&gt;&gt; â‚¦14,267,179.534
ğŸª™ 1 BNB &gt;&gt;&gt;&gt;&gt; â‚¦206,821.433
ğŸª™ 1 SOL &gt;&gt;&gt;&gt;&gt; â‚¦23,648.115
ğŸª™ 1 USDT &gt;&gt;&gt;&gt;&gt; â‚¦718.425
ğŸª™ 1 USDC &gt;&gt;&gt;&gt;&gt; â‚¦718.456

 v1.0.5",77,16,2022-10-04 09:00:10+00:00
63,2022-10-27 15:05:26.341246,naira_rates,"Crypto P2P | BUY (Average)
Tue October, 09:00:05 AM 

ğŸª™ 1 ETH &gt;&gt;&gt;&gt;&gt; â‚¦971,709.508
ğŸª™ 1 BTC &gt;&gt;&gt;&gt;&gt; â‚¦14,291,938.928
ğŸª™ 1 BNB &gt;&gt;&gt;&gt;&gt; â‚¦208,352.895
ğŸª™ 1 SOL &gt;&gt;&gt;&gt;&gt; â‚¦25,608.596
ğŸª™ 1 USDT &gt;&gt;&gt;&gt;&gt; â‚¦716.816
ğŸª™ 1 USDC &gt;&gt;&gt;&gt;&gt; â‚¦716.847

 v1.0.5",29,5,2022-10-04 09:00:05+00:00
64,2022-10-27 15:05:26.341246,naira_rates,"Mon October, 11:05:01 AM 

ğŸ’µ 1 USD &gt;&gt;&gt;&gt;&gt; â‚¦723.543
ğŸ’· 1 GBP &gt;&gt;&gt;&gt;&gt; â‚¦881.484
ğŸ’¶ 1 EUR &gt;&gt;&gt;&gt;&gt; â‚¦747.608

 v1.0.5",165,63,2022-10-03 11:05:01+00:00
65,2022-10-27 15:05:26.341246,naira_rates,"Crypto P2P | SELL (Average)
Mon October, 09:00:08 AM 

ğŸª™ 1 ETH &gt;&gt;&gt;&gt;&gt; â‚¦937,616.495
ğŸª™ 1 BTC &gt;&gt;&gt;&gt;&gt; â‚¦13,970,173.767
ğŸª™ 1 BNB &gt;&gt;&gt;&gt;&gt; â‚¦206,547.820
ğŸª™ 1 SOL &gt;&gt;&gt;&gt;&gt; â‚¦23,291.733
ğŸª™ 1 USDT &gt;&gt;&gt;&gt;&gt; â‚¦726.916
ğŸª™ 1 USDC &gt;&gt;&gt;&gt;&gt; â‚¦727.134

 v1.0.5",114,25,2022-10-03 09:00:08+00:00
66,2022-10-27 15:05:26.341246,naira_rates,"Crypto P2P | BUY (Average)
Mon October, 09:00:05 AM 

ğŸª™ 1 ETH &gt;&gt;&gt;&gt;&gt; â‚¦947,141.984
ğŸª™ 1 BTC &gt;&gt;&gt;&gt;&gt; â‚¦14,031,226.156
ğŸª™ 1 BNB &gt;&gt;&gt;&gt;&gt; â‚¦208,717.426
ğŸª™ 1 SOL &gt;&gt;&gt;&gt;&gt; â‚¦25,060.848
ğŸª™ 1 USDT &gt;&gt;&gt;&gt;&gt; â‚¦726.185
ğŸª™ 1 USDC &gt;&gt;&gt;&gt;&gt; â‚¦726.402

 v1.0.5",37,12,2022-10-03 09:00:05+00:00
67,2022-10-27 15:05:26.341246,naira_rates,"Sun October, 11:05:00 AM 

ğŸ’µ 1 USD &gt;&gt;&gt;&gt;&gt; â‚¦723.543
ğŸ’· 1 GBP &gt;&gt;&gt;&gt;&gt; â‚¦881.484
ğŸ’¶ 1 EUR &gt;&gt;&gt;&gt;&gt; â‚¦747.608

 v1.0.5",277,114,2022-10-02 11:05:01+00:00
68,2022-10-27 15:05:26.341246,naira_rates,"Crypto P2P | SELL (Average)
Sun October, 09:00:07 AM 

ğŸª™ 1 ETH &gt;&gt;&gt;&gt;&gt; â‚¦949,014.497
ğŸª™ 1 BTC &gt;&gt;&gt;&gt;&gt; â‚¦14,016,229.595
ğŸª™ 1 BNB &gt;&gt;&gt;&gt;&gt; â‚¦203,071.016
ğŸª™ 1 SOL &gt;&gt;&gt;&gt;&gt; â‚¦23,480.756
ğŸª™ 1 USDT &gt;&gt;&gt;&gt;&gt; â‚¦725.198
ğŸª™ 1 USDC &gt;&gt;&gt;&gt;&gt; â‚¦725.193

 v1.0.5",64,14,2022-10-02 09:00:07+00:00
69,2022-10-27 15:05:26.341246,naira_rates,"Crypto P2P | BUY (Average)
Sun October, 09:00:03 AM 

ğŸª™ 1 ETH &gt;&gt;&gt;&gt;&gt; â‚¦964,050.488
ğŸª™ 1 BTC &gt;&gt;&gt;&gt;&gt; â‚¦14,018,667.878
ğŸª™ 1 BNB &gt;&gt;&gt;&gt;&gt; â‚¦205,178.826
ğŸª™ 1 SOL &gt;&gt;&gt;&gt;&gt; â‚¦25,297.822
ğŸª™ 1 USDT &gt;&gt;&gt;&gt;&gt; â‚¦724.033
ğŸª™ 1 USDC &gt;&gt;&gt;&gt;&gt; â‚¦724.028

 v1.0.5",60,11,2022-10-02 09:00:03+00:00
70,2022-10-27 15:05:26.341246,naira_rates,"Sat October, 11:05:01 AM 

ğŸ’µ 1 USD &gt;&gt;&gt;&gt;&gt; â‚¦723.543
ğŸ’· 1 GBP &gt;&gt;&gt;&gt;&gt; â‚¦881.484
ğŸ’¶ 1 EUR &gt;&gt;&gt;&gt;&gt; â‚¦747.608

 v1.0.5",175,59,2022-10-01 11:05:01+00:00
71,2022-10-27 15:05:26.341246,naira_rates,"Crypto P2P | SELL (Average)
Sat October, 09:00:09 AM 

ğŸª™ 1 ETH &gt;&gt;&gt;&gt;&gt; â‚¦977,739.763
ğŸª™ 1 BTC &gt;&gt;&gt;&gt;&gt; â‚¦14,186,347.572
ğŸª™ 1 BNB &gt;&gt;&gt;&gt;&gt; â‚¦205,745.651
ğŸª™ 1 SOL &gt;&gt;&gt;&gt;&gt; â‚¦23,425.657
ğŸª™ 1 USDT &gt;&gt;&gt;&gt;&gt; â‚¦730.950
ğŸª™ 1 USDC &gt;&gt;&gt;&gt;&gt; â‚¦730.941

 v1.0.5",82,24,2022-10-01 09:00:09+00:00
72,2022-10-27 15:05:26.341246,naira_rates,"Crypto P2P | BUY (Average)
Sat October, 09:00:05 AM 

ğŸª™ 1 ETH &gt;&gt;&gt;&gt;&gt; â‚¦980,677.247
ğŸª™ 1 BTC &gt;&gt;&gt;&gt;&gt; â‚¦14,242,987.299
ğŸª™ 1 BNB &gt;&gt;&gt;&gt;&gt; â‚¦208,045.501
ğŸª™ 1 SOL &gt;&gt;&gt;&gt;&gt; â‚¦24,752.862
ğŸª™ 1 USDT &gt;&gt;&gt;&gt;&gt; â‚¦727.786
ğŸª™ 1 USDC &gt;&gt;&gt;&gt;&gt; â‚¦727.777

 v1.0.5",46,6,2022-10-01 09:00:05+00:00
73,2022-10-27 15:05:26.341246,naira_rates,"Fri September, 11:05:02 AM 

ğŸ’µ 1 USD &gt;&gt;&gt;&gt;&gt; â‚¦723.543
ğŸ’· 1 GBP &gt;&gt;&gt;&gt;&gt; â‚¦881.484
ğŸ’¶ 1 EUR &gt;&gt;&gt;&gt;&gt; â‚¦747.608

 v1.0.5",240,79,2022-09-30 11:05:02+00:00
74,2022-10-27 15:05:26.341246,naira_rates,"Crypto P2P | SELL (Average)
Fri September, 09:00:11 AM 

ğŸª™ 1 ETH &gt;&gt;&gt;&gt;&gt; â‚¦990,361.228
ğŸª™ 1 BTC &gt;&gt;&gt;&gt;&gt; â‚¦14,512,846.002
ğŸª™ 1 BNB &gt;&gt;&gt;&gt;&gt; â‚¦210,567.138
ğŸª™ 1 SOL &gt;&gt;&gt;&gt;&gt; â‚¦24,914.334
ğŸª™ 1 USDT &gt;&gt;&gt;&gt;&gt; â‚¦734.862
ğŸª™ 1 USDC &gt;&gt;&gt;&gt;&gt; â‚¦734.472

 v1.0.5",35,4,2022-09-30 09:00:11+00:00
75,2022-10-27 15:05:26.341246,naira_rates,"Crypto P2P | BUY (Average)
Fri September, 09:00:06 AM 

ğŸª™ 1 ETH &gt;&gt;&gt;&gt;&gt; â‚¦997,896.844
ğŸª™ 1 BTC &gt;&gt;&gt;&gt;&gt; â‚¦14,460,025.870
ğŸª™ 1 BNB &gt;&gt;&gt;&gt;&gt; â‚¦210,785.096
ğŸª™ 1 SOL &gt;&gt;&gt;&gt;&gt; â‚¦26,037.809
ğŸª™ 1 USDT &gt;&gt;&gt;&gt;&gt; â‚¦728.540
ğŸª™ 1 USDC &gt;&gt;&gt;&gt;&gt; â‚¦728.154

 v1.0.5",44,11,2022-09-30 09:00:06+00:00
76,2022-10-27 15:05:26.341246,naira_rates,"Thu September, 11:05:00 AM 

ğŸ’µ 1 USD &gt;&gt;&gt;&gt;&gt; â‚¦720.942
ğŸ’· 1 GBP &gt;&gt;&gt;&gt;&gt; â‚¦878.315
ğŸ’¶ 1 EUR &gt;&gt;&gt;&gt;&gt; â‚¦744.921

 v1.0.5",308,116,2022-09-29 11:05:01+00:00
77,2022-10-27 15:05:26.341246,naira_rates,"Crypto P2P | SELL (Average)
Thu September, 09:00:06 AM 

ğŸª™ 1 ETH &gt;&gt;&gt;&gt;&gt; â‚¦974,427.619
ğŸª™ 1 BTC &gt;&gt;&gt;&gt;&gt; â‚¦14,353,803.023
ğŸª™ 1 BNB &gt;&gt;&gt;&gt;&gt; â‚¦206,568.311
ğŸª™ 1 SOL &gt;&gt;&gt;&gt;&gt; â‚¦24,388.813
ğŸª™ 1 USDT &gt;&gt;&gt;&gt;&gt; â‚¦739.748
ğŸª™ 1 USDC &gt;&gt;&gt;&gt;&gt; â‚¦739.473

 v1.0.5",70,18,2022-09-29 09:00:06+00:00
78,2022-10-27 15:05:26.341246,naira_rates,"Crypto P2P | BUY (Average)
Thu September, 09:00:03 AM 

ğŸª™ 1 ETH &gt;&gt;&gt;&gt;&gt; â‚¦984,738.026
ğŸª™ 1 BTC &gt;&gt;&gt;&gt;&gt; â‚¦14,358,182.073
ğŸª™ 1 BNB &gt;&gt;&gt;&gt;&gt; â‚¦207,595.124
ğŸª™ 1 SOL &gt;&gt;&gt;&gt;&gt; â‚¦26,531.130
ğŸª™ 1 USDT &gt;&gt;&gt;&gt;&gt; â‚¦726.417
ğŸª™ 1 USDC &gt;&gt;&gt;&gt;&gt; â‚¦726.147

 v1.0.5",41,10,2022-09-29 09:00:03+00:00
79,2022-10-27 15:05:26.341246,naira_rates,"Wed September, 11:05:01 AM 

ğŸ’µ 1 USD &gt;&gt;&gt;&gt;&gt; â‚¦720.942
ğŸ’· 1 GBP &gt;&gt;&gt;&gt;&gt; â‚¦878.315
ğŸ’¶ 1 EUR &gt;&gt;&gt;&gt;&gt; â‚¦744.921

 v1.0.5",366,148,2022-09-28 11:05:01+00:00
80,2022-10-27 15:05:26.341246,naira_rates,"Crypto P2P | SELL (Average)
Wed September, 09:00:11 AM 

ğŸª™ 1 ETH &gt;&gt;&gt;&gt;&gt; â‚¦939,663.501
ğŸª™ 1 BTC &gt;&gt;&gt;&gt;&gt; â‚¦13,836,219.021
ğŸª™ 1 BNB &gt;&gt;&gt;&gt;&gt; â‚¦197,582.103
ğŸª™ 1 SOL &gt;&gt;&gt;&gt;&gt; â‚¦23,358.234
ğŸª™ 1 USDT &gt;&gt;&gt;&gt;&gt; â‚¦737.053
ğŸª™ 1 USDC &gt;&gt;&gt;&gt;&gt; â‚¦736.822

 v1.0.5",71,20,2022-09-28 09:00:11+00:00
81,2022-10-27 15:05:26.341246,naira_rates,"Crypto P2P | BUY (Average)
Wed September, 09:00:06 AM 

ğŸª™ 1 ETH &gt;&gt;&gt;&gt;&gt; â‚¦956,295.720
ğŸª™ 1 BTC &gt;&gt;&gt;&gt;&gt; â‚¦13,832,641.397
ğŸª™ 1 BNB &gt;&gt;&gt;&gt;&gt; â‚¦199,846.165
ğŸª™ 1 SOL &gt;&gt;&gt;&gt;&gt; â‚¦26,008.173
ğŸª™ 1 USDT &gt;&gt;&gt;&gt;&gt; â‚¦725.068
ğŸª™ 1 USDC &gt;&gt;&gt;&gt;&gt; â‚¦724.840

 v1.0.5",30,10,2022-09-28 09:00:06+00:00
82,2022-10-27 15:05:26.341246,naira_rates,"Tue September, 11:05:01 AM 

ğŸ’µ 1 USD &gt;&gt;&gt;&gt;&gt; â‚¦711.732
ğŸ’· 1 GBP &gt;&gt;&gt;&gt;&gt; â‚¦867.095
ğŸ’¶ 1 EUR &gt;&gt;&gt;&gt;&gt; â‚¦735.404

 v1.0.5",276,95,2022-09-27 11:05:01+00:00
83,2022-10-27 15:05:26.341246,naira_rates,"Crypto P2P | SELL (Average)
Tue September, 09:00:07 AM 

ğŸª™ 1 ETH &gt;&gt;&gt;&gt;&gt; â‚¦998,542.480
ğŸª™ 1 BTC &gt;&gt;&gt;&gt;&gt; â‚¦14,703,286.869
ğŸª™ 1 BNB &gt;&gt;&gt;&gt;&gt; â‚¦206,132.451
ğŸª™ 1 SOL &gt;&gt;&gt;&gt;&gt; â‚¦24,793.649
ğŸª™ 1 USDT &gt;&gt;&gt;&gt;&gt; â‚¦728.360
ğŸª™ 1 USDC &gt;&gt;&gt;&gt;&gt; â‚¦730.728

 v1.0.5",68,18,2022-09-27 09:00:08+00:00
84,2022-10-27 15:05:26.341246,naira_rates,"Crypto P2P | BUY (Average)
Tue September, 09:00:03 AM 

ğŸª™ 1 ETH &gt;&gt;&gt;&gt;&gt; â‚¦1,010,179.476
ğŸª™ 1 BTC &gt;&gt;&gt;&gt;&gt; â‚¦14,671,161.313
ğŸª™ 1 BNB &gt;&gt;&gt;&gt;&gt; â‚¦206,746.251
ğŸª™ 1 SOL &gt;&gt;&gt;&gt;&gt; â‚¦26,713.366
ğŸª™ 1 USDT &gt;&gt;&gt;&gt;&gt; â‚¦718.418
ğŸª™ 1 USDC &gt;&gt;&gt;&gt;&gt; â‚¦720.753

 v1.0.5",51,9,2022-09-27 09:00:03+00:00
85,2022-10-27 15:05:26.341246,naira_rates,"Mon September, 11:05:01 AM 

ğŸ’µ 1 USD &gt;&gt;&gt;&gt;&gt; â‚¦707.215
ğŸ’· 1 GBP &gt;&gt;&gt;&gt;&gt; â‚¦861.591
ğŸ’¶ 1 EUR &gt;&gt;&gt;&gt;&gt; â‚¦730.737

 v1.0.5",205,58,2022-09-26 11:05:01+00:00
86,2022-10-27 15:05:26.341246,naira_rates,"Crypto P2P | SELL (Average)
Mon September, 09:00:13 AM 

ğŸª™ 1 ETH &gt;&gt;&gt;&gt;&gt; â‚¦967,789.071
ğŸª™ 1 BTC &gt;&gt;&gt;&gt;&gt; â‚¦14,294,911.460
ğŸª™ 1 BNB &gt;&gt;&gt;&gt;&gt; â‚¦202,368.913
ğŸª™ 1 SOL &gt;&gt;&gt;&gt;&gt; â‚¦24,011.265
ğŸª™ 1 USDT &gt;&gt;&gt;&gt;&gt; â‚¦733.039
ğŸª™ 1 USDC &gt;&gt;&gt;&gt;&gt; â‚¦732.313

 v1.0.5",69,17,2022-09-26 09:00:14+00:00
87,2022-10-27 15:05:26.341246,naira_rates,"Crypto P2P | BUY (Average)
Mon September, 09:00:08 AM 

ğŸª™ 1 ETH &gt;&gt;&gt;&gt;&gt; â‚¦976,158.987
ğŸª™ 1 BTC &gt;&gt;&gt;&gt;&gt; â‚¦14,151,034.507
ğŸª™ 1 BNB &gt;&gt;&gt;&gt;&gt; â‚¦203,858.852
ğŸª™ 1 SOL &gt;&gt;&gt;&gt;&gt; â‚¦25,569.470
ğŸª™ 1 USDT &gt;&gt;&gt;&gt;&gt; â‚¦725.187
ğŸª™ 1 USDC &gt;&gt;&gt;&gt;&gt; â‚¦724.469

 v1.0.5",42,11,2022-09-26 09:00:08+00:00
88,2022-10-27 15:05:26.341246,naira_rates,"Sun September, 11:05:01 AM 

ğŸ’µ 1 USD &gt;&gt;&gt;&gt;&gt; â‚¦707.215
ğŸ’· 1 GBP &gt;&gt;&gt;&gt;&gt; â‚¦861.591
ğŸ’¶ 1 EUR &gt;&gt;&gt;&gt;&gt; â‚¦730.737

 v1.0.5",106,43,2022-09-25 11:05:01+00:00
89,2022-10-27 15:05:26.341246,naira_rates,"Crypto P2P | SELL (Average)
Sun September, 09:00:11 AM 

ğŸª™ 1 ETH &gt;&gt;&gt;&gt;&gt; â‚¦961,733.692
ğŸª™ 1 BTC &gt;&gt;&gt;&gt;&gt; â‚¦13,913,429.811
ğŸª™ 1 BNB &gt;&gt;&gt;&gt;&gt; â‚¦201,787.745
ğŸª™ 1 SOL &gt;&gt;&gt;&gt;&gt; â‚¦24,282.240
ğŸª™ 1 USDT &gt;&gt;&gt;&gt;&gt; â‚¦726.690
ğŸª™ 1 USDC &gt;&gt;&gt;&gt;&gt; â‚¦726.737

 v1.0.5",97,26,2022-09-25 09:00:12+00:00
90,2022-10-27 15:05:26.341246,naira_rates,"Crypto P2P | BUY (Average)
Sun September, 09:00:05 AM 

ğŸª™ 1 ETH &gt;&gt;&gt;&gt;&gt; â‚¦976,426.291
ğŸª™ 1 BTC &gt;&gt;&gt;&gt;&gt; â‚¦13,875,540.590
ğŸª™ 1 BNB &gt;&gt;&gt;&gt;&gt; â‚¦202,595.481
ğŸª™ 1 SOL &gt;&gt;&gt;&gt;&gt; â‚¦25,565.184
ğŸª™ 1 USDT &gt;&gt;&gt;&gt;&gt; â‚¦721.761
ğŸª™ 1 USDC &gt;&gt;&gt;&gt;&gt; â‚¦721.807

 v1.0.5",50,13,2022-09-25 09:00:06+00:00
91,2022-10-27 15:05:26.341246,naira_rates,"Sat September, 11:05:01 AM 

ğŸ’µ 1 USD &gt;&gt;&gt;&gt;&gt; â‚¦707.215
ğŸ’· 1 GBP &gt;&gt;&gt;&gt;&gt; â‚¦861.591
ğŸ’¶ 1 EUR &gt;&gt;&gt;&gt;&gt; â‚¦730.737

 v1.0.5",235,65,2022-09-24 11:05:01+00:00
92,2022-10-27 15:05:26.341246,naira_rates,"Crypto P2P | SELL (Average)
Sat September, 09:00:08 AM 

ğŸª™ 1 ETH &gt;&gt;&gt;&gt;&gt; â‚¦958,131.831
ğŸª™ 1 BTC &gt;&gt;&gt;&gt;&gt; â‚¦13,869,719.320
ğŸª™ 1 BNB &gt;&gt;&gt;&gt;&gt; â‚¦203,702.207
ğŸª™ 1 SOL &gt;&gt;&gt;&gt;&gt; â‚¦24,284.401
ğŸª™ 1 USDT &gt;&gt;&gt;&gt;&gt; â‚¦724.189
ğŸª™ 1 USDC &gt;&gt;&gt;&gt;&gt; â‚¦724.138

 v1.0.5",52,16,2022-09-24 09:00:09+00:00
93,2022-10-27 15:05:26.341246,naira_rates,"Crypto P2P | BUY (Average)
Sat September, 09:00:03 AM 

ğŸª™ 1 ETH &gt;&gt;&gt;&gt;&gt; â‚¦969,621.669
ğŸª™ 1 BTC &gt;&gt;&gt;&gt;&gt; â‚¦13,849,004.995
ğŸª™ 1 BNB &gt;&gt;&gt;&gt;&gt; â‚¦204,435.922
ğŸª™ 1 SOL &gt;&gt;&gt;&gt;&gt; â‚¦25,398.653
ğŸª™ 1 USDT &gt;&gt;&gt;&gt;&gt; â‚¦724.079
ğŸª™ 1 USDC &gt;&gt;&gt;&gt;&gt; â‚¦724.028

 v1.0.5",59,10,2022-09-24 09:00:04+00:00
94,2022-10-27 15:05:26.341246,naira_rates,"Fri September, 11:05:00 AM 

ğŸ’µ 1 USD &gt;&gt;&gt;&gt;&gt; â‚¦707.215
ğŸ’· 1 GBP &gt;&gt;&gt;&gt;&gt; â‚¦861.591
ğŸ’¶ 1 EUR &gt;&gt;&gt;&gt;&gt; â‚¦730.737

 v1.0.5",193,76,2022-09-23 11:05:01+00:00
95,2022-10-27 15:05:26.341246,naira_rates,"Crypto P2P | SELL (Average)
Fri September, 09:00:08 AM 

ğŸª™ 1 ETH &gt;&gt;&gt;&gt;&gt; â‚¦947,051.137
ğŸª™ 1 BTC &gt;&gt;&gt;&gt;&gt; â‚¦13,912,179.467
ğŸª™ 1 BNB &gt;&gt;&gt;&gt;&gt; â‚¦196,019.162
ğŸª™ 1 SOL &gt;&gt;&gt;&gt;&gt; â‚¦22,854.004
ğŸª™ 1 USDT &gt;&gt;&gt;&gt;&gt; â‚¦722.052
ğŸª™ 1 USDC &gt;&gt;&gt;&gt;&gt; â‚¦721.552

 v1.0.5",59,15,2022-09-23 09:00:08+00:00
96,2022-10-27 15:05:26.341246,naira_rates,"Crypto P2P | BUY (Average)
Fri September, 09:00:04 AM 

ğŸª™ 1 ETH &gt;&gt;&gt;&gt;&gt; â‚¦963,197.664
ğŸª™ 1 BTC &gt;&gt;&gt;&gt;&gt; â‚¦13,835,581.655
ğŸª™ 1 BNB &gt;&gt;&gt;&gt;&gt; â‚¦197,812.958
ğŸª™ 1 SOL &gt;&gt;&gt;&gt;&gt; â‚¦24,385.050
ğŸª™ 1 USDT &gt;&gt;&gt;&gt;&gt; â‚¦720.982
ğŸª™ 1 USDC &gt;&gt;&gt;&gt;&gt; â‚¦720.483

 v1.0.5",39,3,2022-09-23 09:00:05+00:00
97,2022-10-27 15:05:26.341246,naira_rates,"Thu September, 11:05:01 AM 

ğŸ’µ 1 USD &gt;&gt;&gt;&gt;&gt; â‚¦701.771
ğŸ’· 1 GBP &gt;&gt;&gt;&gt;&gt; â‚¦854.959
ğŸ’¶ 1 EUR &gt;&gt;&gt;&gt;&gt; â‚¦725.112

 v1.0.5",271,89,2022-09-22 11:05:01+00:00
98,2022-10-27 15:05:26.341246,naira_rates,"Crypto P2P | SELL (Average)
Thu September, 09:00:09 AM 

ğŸª™ 1 ETH &gt;&gt;&gt;&gt;&gt; â‚¦929,298.009
ğŸª™ 1 BTC &gt;&gt;&gt;&gt;&gt; â‚¦13,912,389.567
ğŸª™ 1 BNB &gt;&gt;&gt;&gt;&gt; â‚¦192,443.109
ğŸª™ 1 SOL &gt;&gt;&gt;&gt;&gt; â‚¦22,956.043
ğŸª™ 1 USDT &gt;&gt;&gt;&gt;&gt; â‚¦719.377
ğŸª™ 1 USDC &gt;&gt;&gt;&gt;&gt; â‚¦720.142

 v1.0.5",83,17,2022-09-22 09:00:10+00:00
99,2022-10-27 15:05:26.341246,naira_rates,"Crypto P2P | BUY (Average)
Thu September, 09:00:05 AM 

ğŸª™ 1 ETH &gt;&gt;&gt;&gt;&gt; â‚¦941,631.403
ğŸª™ 1 BTC &gt;&gt;&gt;&gt;&gt; â‚¦13,825,823.383
ğŸª™ 1 BNB &gt;&gt;&gt;&gt;&gt; â‚¦194,248.340
ğŸª™ 1 SOL &gt;&gt;&gt;&gt;&gt; â‚¦24,298.080
ğŸª™ 1 USDT &gt;&gt;&gt;&gt;&gt; â‚¦718.018
ğŸª™ 1 USDC &gt;&gt;&gt;&gt;&gt; â‚¦718.781

 v1.0.5",53,8,2022-09-22 09:00:05+00:00
100,2022-10-27 15:05:26.341246,naira_rates,"Wed September, 11:05:01 AM 

ğŸ’µ 1 USD &gt;&gt;&gt;&gt;&gt; â‚¦698.837
ğŸ’· 1 GBP &gt;&gt;&gt;&gt;&gt; â‚¦851.384
ğŸ’¶ 1 EUR &gt;&gt;&gt;&gt;&gt; â‚¦722.080

 v1.0.5",122,36,2022-09-21 11:05:01+00:00
101,2022-10-27 15:05:26.341246,naira_rates,"Crypto P2P | SELL (Average)
Wed September, 09:00:08 AM 

ğŸª™ 1 ETH &gt;&gt;&gt;&gt;&gt; â‚¦949,745.153
ğŸª™ 1 BTC &gt;&gt;&gt;&gt;&gt; â‚¦13,557,820.460
ğŸª™ 1 BNB &gt;&gt;&gt;&gt;&gt; â‚¦189,446.286
ğŸª™ 1 SOL &gt;&gt;&gt;&gt;&gt; â‚¦22,486.329
ğŸª™ 1 USDT &gt;&gt;&gt;&gt;&gt; â‚¦716.948
ğŸª™ 1 USDC &gt;&gt;&gt;&gt;&gt; â‚¦716.525

 v1.0.5",52,15,2022-09-21 09:00:08+00:00
102,2022-10-27 15:05:26.341246,naira_rates,"Crypto P2P | BUY (Average)
Wed September, 09:00:04 AM 

ğŸª™ 1 ETH &gt;&gt;&gt;&gt;&gt; â‚¦963,344.144
ğŸª™ 1 BTC &gt;&gt;&gt;&gt;&gt; â‚¦13,642,413.511
ğŸª™ 1 BNB &gt;&gt;&gt;&gt;&gt; â‚¦192,137.462
ğŸª™ 1 SOL &gt;&gt;&gt;&gt;&gt; â‚¦23,828.048
ğŸª™ 1 USDT &gt;&gt;&gt;&gt;&gt; â‚¦711.756
ğŸª™ 1 USDC &gt;&gt;&gt;&gt;&gt; â‚¦711.336

 v1.0.5",29,4,2022-09-21 09:00:05+00:00
103,2022-10-27 15:05:26.341246,naira_rates,"Tue September, 11:05:01 AM 

ğŸ’µ 1 USD &gt;&gt;&gt;&gt;&gt; â‚¦696.894
ğŸ’· 1 GBP &gt;&gt;&gt;&gt;&gt; â‚¦849.018
ğŸ’¶ 1 EUR &gt;&gt;&gt;&gt;&gt; â‚¦720.073

 v1.0.5",171,70,2022-09-20 11:05:01+00:00
104,2022-10-27 15:05:26.341246,naira_rates,"Crypto P2P | SELL (Average)
Tue September, 09:00:08 AM 

ğŸª™ 1 ETH &gt;&gt;&gt;&gt;&gt; â‚¦968,330.108
ğŸª™ 1 BTC &gt;&gt;&gt;&gt;&gt; â‚¦13,845,950.879
ğŸª™ 1 BNB &gt;&gt;&gt;&gt;&gt; â‚¦192,187.237
ğŸª™ 1 SOL &gt;&gt;&gt;&gt;&gt; â‚¦22,823.116
ğŸª™ 1 USDT &gt;&gt;&gt;&gt;&gt; â‚¦715.461
ğŸª™ 1 USDC &gt;&gt;&gt;&gt;&gt; â‚¦715.477

 v1.0.5",39,16,2022-09-20 09:00:09+00:00
105,2022-10-27 15:05:26.341246,naira_rates,"Crypto P2P | BUY (Average)
Tue September, 09:00:04 AM 

ğŸª™ 1 ETH &gt;&gt;&gt;&gt;&gt; â‚¦982,716.793
ğŸª™ 1 BTC &gt;&gt;&gt;&gt;&gt; â‚¦13,913,703.708
ğŸª™ 1 BNB &gt;&gt;&gt;&gt;&gt; â‚¦195,013.705
ğŸª™ 1 SOL &gt;&gt;&gt;&gt;&gt; â‚¦24,391.121
ğŸª™ 1 USDT &gt;&gt;&gt;&gt;&gt; â‚¦711.907
ğŸª™ 1 USDC &gt;&gt;&gt;&gt;&gt; â‚¦711.923

 v1.0.5",26,8,2022-09-20 09:00:04+00:00
106,2022-10-27 15:05:26.341246,naira_rates,"Mon September, 11:05:01 AM 

ğŸ’µ 1 USD &gt;&gt;&gt;&gt;&gt; â‚¦696.894
ğŸ’· 1 GBP &gt;&gt;&gt;&gt;&gt; â‚¦849.018
ğŸ’¶ 1 EUR &gt;&gt;&gt;&gt;&gt; â‚¦720.073

 v1.0.5",143,43,2022-09-19 11:05:01+00:00
107,2022-10-27 15:05:26.341246,naira_rates,"Crypto P2P | SELL (Average)
Mon September, 09:00:09 AM 

ğŸª™ 1 ETH &gt;&gt;&gt;&gt;&gt; â‚¦934,801.737
ğŸª™ 1 BTC &gt;&gt;&gt;&gt;&gt; â‚¦13,393,031.977
ğŸª™ 1 BNB &gt;&gt;&gt;&gt;&gt; â‚¦186,601.288
ğŸª™ 1 SOL &gt;&gt;&gt;&gt;&gt; â‚¦22,040.550
ğŸª™ 1 USDT &gt;&gt;&gt;&gt;&gt; â‚¦716.779
ğŸª™ 1 USDC &gt;&gt;&gt;&gt;&gt; â‚¦716.668

 v1.0.5",72,19,2022-09-19 09:00:09+00:00
108,2022-10-27 15:05:26.341246,naira_rates,"Crypto P2P | BUY (Average)
Mon September, 09:00:05 AM 

ğŸª™ 1 ETH &gt;&gt;&gt;&gt;&gt; â‚¦954,615.914
ğŸª™ 1 BTC &gt;&gt;&gt;&gt;&gt; â‚¦13,420,121.502
ğŸª™ 1 BNB &gt;&gt;&gt;&gt;&gt; â‚¦189,670.675
ğŸª™ 1 SOL &gt;&gt;&gt;&gt;&gt; â‚¦24,270.420
ğŸª™ 1 USDT &gt;&gt;&gt;&gt;&gt; â‚¦712.939
ğŸª™ 1 USDC &gt;&gt;&gt;&gt;&gt; â‚¦712.829

 v1.0.5",37,8,2022-09-19 09:00:05+00:00
109,2022-10-27 15:05:26.341246,naira_rates,"Sun September, 11:05:00 AM 

ğŸ’µ 1 USD &gt;&gt;&gt;&gt;&gt; â‚¦696.894
ğŸ’· 1 GBP &gt;&gt;&gt;&gt;&gt; â‚¦849.018
ğŸ’¶ 1 EUR &gt;&gt;&gt;&gt;&gt; â‚¦720.073

 v1.0.5",86,26,2022-09-18 11:05:01+00:00
110,2022-10-27 15:05:26.341246,naira_rates,"Crypto P2P | SELL (Average)
Sun September, 09:00:11 AM 

ğŸª™ 1 ETH &gt;&gt;&gt;&gt;&gt; â‚¦1,032,347.191
ğŸª™ 1 BTC &gt;&gt;&gt;&gt;&gt; â‚¦14,247,828.827
ğŸª™ 1 BNB &gt;&gt;&gt;&gt;&gt; â‚¦197,715.094
ğŸª™ 1 SOL &gt;&gt;&gt;&gt;&gt; â‚¦23,800.009
ğŸª™ 1 USDT &gt;&gt;&gt;&gt;&gt; â‚¦712.900
ğŸª™ 1 USDC &gt;&gt;&gt;&gt;&gt; â‚¦712.854

 v1.0.5",98,22,2022-09-18 09:00:11+00:00
111,2022-10-27 15:05:26.341246,naira_rates,"Crypto P2P | BUY (Average)
Sun September, 09:00:05 AM 

ğŸª™ 1 ETH &gt;&gt;&gt;&gt;&gt; â‚¦1,045,376.190
ğŸª™ 1 BTC &gt;&gt;&gt;&gt;&gt; â‚¦14,281,804.617
ğŸª™ 1 BNB &gt;&gt;&gt;&gt;&gt; â‚¦199,348.237
ğŸª™ 1 SOL &gt;&gt;&gt;&gt;&gt; â‚¦25,770.781
ğŸª™ 1 USDT &gt;&gt;&gt;&gt;&gt; â‚¦708.416
ğŸª™ 1 USDC &gt;&gt;&gt;&gt;&gt; â‚¦708.370

 v1.0.5",37,2,2022-09-18 09:00:05+00:00
112,2022-10-27 15:05:26.341246,naira_rates,"Sat September, 11:05:01 AM 

ğŸ’µ 1 USD &gt;&gt;&gt;&gt;&gt; â‚¦696.894
ğŸ’· 1 GBP &gt;&gt;&gt;&gt;&gt; â‚¦849.018
ğŸ’¶ 1 EUR &gt;&gt;&gt;&gt;&gt; â‚¦720.073

 v1.0.5",150,47,2022-09-17 11:05:01+00:00
113,2022-10-27 15:05:26.341246,naira_rates,"Crypto P2P | SELL (Average)
Sat September, 09:00:09 AM 

ğŸª™ 1 ETH &gt;&gt;&gt;&gt;&gt; â‚¦1,019,777.441
ğŸª™ 1 BTC &gt;&gt;&gt;&gt;&gt; â‚¦14,183,970.834
ğŸª™ 1 BNB &gt;&gt;&gt;&gt;&gt; â‚¦196,919.370
ğŸª™ 1 SOL &gt;&gt;&gt;&gt;&gt; â‚¦23,197.754
ğŸª™ 1 USDT &gt;&gt;&gt;&gt;&gt; â‚¦713.263
ğŸª™ 1 USDC &gt;&gt;&gt;&gt;&gt; â‚¦713.305

 v1.0.5",55,21,2022-09-17 09:00:09+00:00
114,2022-10-27 15:05:26.341246,naira_rates,"Crypto P2P | BUY (Average)
Sat September, 09:00:05 AM 

ğŸª™ 1 ETH &gt;&gt;&gt;&gt;&gt; â‚¦1,038,218.751
ğŸª™ 1 BTC &gt;&gt;&gt;&gt;&gt; â‚¦14,075,250.051
ğŸª™ 1 BNB &gt;&gt;&gt;&gt;&gt; â‚¦197,757.721
ğŸª™ 1 SOL &gt;&gt;&gt;&gt;&gt; â‚¦25,558.961
ğŸª™ 1 USDT &gt;&gt;&gt;&gt;&gt; â‚¦710.331
ğŸª™ 1 USDC &gt;&gt;&gt;&gt;&gt; â‚¦710.373

 v1.0.5",28,5,2022-09-17 09:00:05+00:00
115,2022-10-27 15:05:26.341246,naira_rates,"Fri September, 11:05:01 AM 

ğŸ’µ 1 USD &gt;&gt;&gt;&gt;&gt; â‚¦695.444
ğŸ’· 1 GBP &gt;&gt;&gt;&gt;&gt; â‚¦847.252
ğŸ’¶ 1 EUR &gt;&gt;&gt;&gt;&gt; â‚¦718.575

 v1.0.5",165,34,2022-09-16 11:05:01+00:00
116,2022-10-27 15:05:26.341246,naira_rates,"Crypto P2P | SELL (Average)
Fri September, 09:00:10 AM 

ğŸª™ 1 ETH &gt;&gt;&gt;&gt;&gt; â‚¦1,035,293.364
ğŸª™ 1 BTC &gt;&gt;&gt;&gt;&gt; â‚¦14,107,881.501
ğŸª™ 1 BNB &gt;&gt;&gt;&gt;&gt; â‚¦193,832.307
ğŸª™ 1 SOL &gt;&gt;&gt;&gt;&gt; â‚¦22,926.978
ğŸª™ 1 USDT &gt;&gt;&gt;&gt;&gt; â‚¦713.831
ğŸª™ 1 USDC &gt;&gt;&gt;&gt;&gt; â‚¦713.590

 v1.0.5",65,10,2022-09-16 09:00:10+00:00
117,2022-10-27 15:05:26.341246,naira_rates,"Crypto P2P | BUY (Average)
Fri September, 09:00:05 AM 

ğŸª™ 1 ETH &gt;&gt;&gt;&gt;&gt; â‚¦1,075,255.625
ğŸª™ 1 BTC &gt;&gt;&gt;&gt;&gt; â‚¦14,167,055.784
ğŸª™ 1 BNB &gt;&gt;&gt;&gt;&gt; â‚¦195,843.244
ğŸª™ 1 SOL &gt;&gt;&gt;&gt;&gt; â‚¦24,815.811
ğŸª™ 1 USDT &gt;&gt;&gt;&gt;&gt; â‚¦711.117
ğŸª™ 1 USDC &gt;&gt;&gt;&gt;&gt; â‚¦710.877

 v1.0.5",36,4,2022-09-16 09:00:05+00:00
118,2022-10-27 15:05:26.341246,naira_rates,"Thu September, 11:05:00 AM 

ğŸ’µ 1 USD &gt;&gt;&gt;&gt;&gt; â‚¦695.444
ğŸ’· 1 GBP &gt;&gt;&gt;&gt;&gt; â‚¦847.252
ğŸ’¶ 1 EUR &gt;&gt;&gt;&gt;&gt; â‚¦718.575

 v1.0.5",136,42,2022-09-15 11:05:01+00:00
119,2022-10-27 15:05:26.341246,naira_rates,"Crypto P2P | SELL (Average)
Thu September, 09:00:10 AM 

ğŸª™ 1 ETH &gt;&gt;&gt;&gt;&gt; â‚¦1,142,304.036
ğŸª™ 1 BTC &gt;&gt;&gt;&gt;&gt; â‚¦14,381,422.703
ğŸª™ 1 BNB &gt;&gt;&gt;&gt;&gt; â‚¦196,011.299
ğŸª™ 1 SOL &gt;&gt;&gt;&gt;&gt; â‚¦24,012.778
ğŸª™ 1 USDT &gt;&gt;&gt;&gt;&gt; â‚¦713.747
ğŸª™ 1 USDC &gt;&gt;&gt;&gt;&gt; â‚¦713.651

 v1.0.5",63,17,2022-09-15 09:00:11+00:00
120,2022-10-27 15:05:26.341246,naira_rates,"Crypto P2P | BUY (Average)
Thu September, 09:00:05 AM 

ğŸª™ 1 ETH &gt;&gt;&gt;&gt;&gt; â‚¦1,184,039.885
ğŸª™ 1 BTC &gt;&gt;&gt;&gt;&gt; â‚¦14,328,336.921
ğŸª™ 1 BNB &gt;&gt;&gt;&gt;&gt; â‚¦198,678.695
ğŸª™ 1 SOL &gt;&gt;&gt;&gt;&gt; â‚¦25,832.224
ğŸª™ 1 USDT &gt;&gt;&gt;&gt;&gt; â‚¦706.580
ğŸª™ 1 USDC &gt;&gt;&gt;&gt;&gt; â‚¦706.485

 v1.0.5",39,9,2022-09-15 09:00:06+00:00
121,2022-10-27 15:05:26.341246,naira_rates,"Wed September, 11:05:01 AM 

ğŸ’µ 1 USD &gt;&gt;&gt;&gt;&gt; â‚¦693.042
ğŸ’· 1 GBP &gt;&gt;&gt;&gt;&gt; â‚¦844.324
ğŸ’¶ 1 EUR &gt;&gt;&gt;&gt;&gt; â‚¦716.092

 v1.0.5",130,44,2022-09-14 11:05:01+00:00
122,2022-10-27 15:05:26.341246,naira_rates,"Crypto P2P | SELL (Average)
Wed September, 09:00:08 AM 

ğŸª™ 1 ETH &gt;&gt;&gt;&gt;&gt; â‚¦1,130,289.828
ğŸª™ 1 BTC &gt;&gt;&gt;&gt;&gt; â‚¦14,487,043.197
ğŸª™ 1 BNB &gt;&gt;&gt;&gt;&gt; â‚¦197,803.942
ğŸª™ 1 SOL &gt;&gt;&gt;&gt;&gt; â‚¦23,600.488
ğŸª™ 1 USDT &gt;&gt;&gt;&gt;&gt; â‚¦710.809
ğŸª™ 1 USDC &gt;&gt;&gt;&gt;&gt; â‚¦711.311

 v1.0.5",56,14,2022-09-14 09:00:08+00:00
123,2022-10-27 15:05:26.341246,naira_rates,"Crypto P2P | BUY (Average)
Wed September, 09:00:04 AM 

ğŸª™ 1 ETH &gt;&gt;&gt;&gt;&gt; â‚¦1,152,775.166
ğŸª™ 1 BTC &gt;&gt;&gt;&gt;&gt; â‚¦14,485,209.406
ğŸª™ 1 BNB &gt;&gt;&gt;&gt;&gt; â‚¦199,103.119
ğŸª™ 1 SOL &gt;&gt;&gt;&gt;&gt; â‚¦25,316.946
ğŸª™ 1 USDT &gt;&gt;&gt;&gt;&gt; â‚¦703.168
ğŸª™ 1 USDC &gt;&gt;&gt;&gt;&gt; â‚¦703.664

 v1.0.5",58,17,2022-09-14 09:00:04+00:00
124,2022-10-27 15:05:26.341246,naira_rates,"Tue September, 11:05:01 AM 

ğŸ’µ 1 USD &gt;&gt;&gt;&gt;&gt; â‚¦693.042
ğŸ’· 1 GBP &gt;&gt;&gt;&gt;&gt; â‚¦844.324
ğŸ’¶ 1 EUR &gt;&gt;&gt;&gt;&gt; â‚¦716.092

 v1.0.5",207,52,2022-09-13 11:05:01+00:00
125,2022-10-27 15:05:26.341246,naira_rates,"Crypto P2P | SELL (Average)
Tue September, 09:00:08 AM 

ğŸª™ 1 ETH &gt;&gt;&gt;&gt;&gt; â‚¦1,204,442.354
ğŸª™ 1 BTC &gt;&gt;&gt;&gt;&gt; â‚¦15,660,583.477
ğŸª™ 1 BNB &gt;&gt;&gt;&gt;&gt; â‚¦206,625.877
ğŸª™ 1 SOL &gt;&gt;&gt;&gt;&gt; â‚¦26,676.725
ğŸª™ 1 USDT &gt;&gt;&gt;&gt;&gt; â‚¦706.057
ğŸª™ 1 USDC &gt;&gt;&gt;&gt;&gt; â‚¦706.044

 v1.0.5",72,17,2022-09-13 09:00:09+00:00
126,2022-10-27 15:05:26.341246,naira_rates,"Crypto P2P | BUY (Average)
Tue September, 09:00:03 AM 

ğŸª™ 1 ETH &gt;&gt;&gt;&gt;&gt; â‚¦1,226,935.480
ğŸª™ 1 BTC &gt;&gt;&gt;&gt;&gt; â‚¦15,732,279.333
ğŸª™ 1 BNB &gt;&gt;&gt;&gt;&gt; â‚¦207,258.882
ğŸª™ 1 SOL &gt;&gt;&gt;&gt;&gt; â‚¦27,730.070
ğŸª™ 1 USDT &gt;&gt;&gt;&gt;&gt; â‚¦668.232
ğŸª™ 1 USDC &gt;&gt;&gt;&gt;&gt; â‚¦668.220

 v1.0.5",24,6,2022-09-13 09:00:04+00:00
127,2022-10-27 15:05:26.341246,naira_rates,"Mon September, 11:05:00 AM 

ğŸ’µ 1 USD &gt;&gt;&gt;&gt;&gt; â‚¦693.042
ğŸ’· 1 GBP &gt;&gt;&gt;&gt;&gt; â‚¦844.324
ğŸ’¶ 1 EUR &gt;&gt;&gt;&gt;&gt; â‚¦716.092

 v1.0.5",127,39,2022-09-12 11:05:01+00:00
128,2022-10-27 15:05:26.341246,naira_rates,"Crypto P2P | SELL (Average)
Mon September, 09:00:08 AM 

ğŸª™ 1 ETH &gt;&gt;&gt;&gt;&gt; â‚¦1,233,133.669
ğŸª™ 1 BTC &gt;&gt;&gt;&gt;&gt; â‚¦15,724,810.774
ğŸª™ 1 BNB &gt;&gt;&gt;&gt;&gt; â‚¦208,048.925
ğŸª™ 1 SOL &gt;&gt;&gt;&gt;&gt; â‚¦24,775.933
ğŸª™ 1 USDT &gt;&gt;&gt;&gt;&gt; â‚¦707.649
ğŸª™ 1 USDC &gt;&gt;&gt;&gt;&gt; â‚¦707.882

 v1.0.5",68,18,2022-09-12 09:00:08+00:00
129,2022-10-27 15:05:26.341246,naira_rates,"Crypto P2P | BUY (Average)
Mon September, 09:00:04 AM 

ğŸª™ 1 ETH &gt;&gt;&gt;&gt;&gt; â‚¦1,258,273.978
ğŸª™ 1 BTC &gt;&gt;&gt;&gt;&gt; â‚¦15,740,556.102
ğŸª™ 1 BNB &gt;&gt;&gt;&gt;&gt; â‚¦209,919.695
ğŸª™ 1 SOL &gt;&gt;&gt;&gt;&gt; â‚¦26,378.630
ğŸª™ 1 USDT &gt;&gt;&gt;&gt;&gt; â‚¦700.932
ğŸª™ 1 USDC &gt;&gt;&gt;&gt;&gt; â‚¦701.162

 v1.0.5",30,4,2022-09-12 09:00:04+00:00
130,2022-10-27 15:05:26.341246,naira_rates,"Sun September, 11:05:01 AM 

ğŸ’µ 1 USD &gt;&gt;&gt;&gt;&gt; â‚¦693.042
ğŸ’· 1 GBP &gt;&gt;&gt;&gt;&gt; â‚¦844.324
ğŸ’¶ 1 EUR &gt;&gt;&gt;&gt;&gt; â‚¦716.092

 v1.0.5",103,44,2022-09-11 11:05:01+00:00
131,2022-10-27 15:05:26.341246,naira_rates,"Crypto P2P | SELL (Average)
Sun September, 09:00:08 AM 

ğŸª™ 1 ETH &gt;&gt;&gt;&gt;&gt; â‚¦1,244,019.675
ğŸª™ 1 BTC &gt;&gt;&gt;&gt;&gt; â‚¦15,340,866.103
ğŸª™ 1 BNB &gt;&gt;&gt;&gt;&gt; â‚¦208,003.783
ğŸª™ 1 SOL &gt;&gt;&gt;&gt;&gt; â‚¦24,264.664
ğŸª™ 1 USDT &gt;&gt;&gt;&gt;&gt; â‚¦707.916
ğŸª™ 1 USDC &gt;&gt;&gt;&gt;&gt; â‚¦707.396

 v1.0.5",83,26,2022-09-11 09:00:08+00:00
132,2022-10-27 15:05:26.341246,naira_rates,"Crypto P2P | BUY (Average)
Sun September, 09:00:04 AM 

ğŸª™ 1 ETH &gt;&gt;&gt;&gt;&gt; â‚¦1,263,513.958
ğŸª™ 1 BTC &gt;&gt;&gt;&gt;&gt; â‚¦15,343,461.226
ğŸª™ 1 BNB &gt;&gt;&gt;&gt;&gt; â‚¦208,789.556
ğŸª™ 1 SOL &gt;&gt;&gt;&gt;&gt; â‚¦25,859.793
ğŸª™ 1 USDT &gt;&gt;&gt;&gt;&gt; â‚¦702.518
ğŸª™ 1 USDC &gt;&gt;&gt;&gt;&gt; â‚¦702.002

 v1.0.5",44,15,2022-09-11 09:00:05+00:00
133,2022-10-27 15:05:26.341246,naira_rates,"Sat September, 11:05:01 AM 

ğŸ’µ 1 USD &gt;&gt;&gt;&gt;&gt; â‚¦693.042
ğŸ’· 1 GBP &gt;&gt;&gt;&gt;&gt; â‚¦844.324
ğŸ’¶ 1 EUR &gt;&gt;&gt;&gt;&gt; â‚¦716.092

 v1.0.5",138,39,2022-09-10 11:05:01+00:00
134,2022-10-27 15:05:26.341246,naira_rates,"Crypto P2P | SELL (Average)
Sat September, 09:00:10 AM 

ğŸª™ 1 ETH &gt;&gt;&gt;&gt;&gt; â‚¦1,206,962.703
ğŸª™ 1 BTC &gt;&gt;&gt;&gt;&gt; â‚¦15,114,968.361
ğŸª™ 1 BNB &gt;&gt;&gt;&gt;&gt; â‚¦207,363.033
ğŸª™ 1 SOL &gt;&gt;&gt;&gt;&gt; â‚¦23,850.142
ğŸª™ 1 USDT &gt;&gt;&gt;&gt;&gt; â‚¦707.960
ğŸª™ 1 USDC &gt;&gt;&gt;&gt;&gt; â‚¦707.588

 v1.0.5",50,16,2022-09-10 09:00:11+00:00
135,2022-10-27 15:05:26.341246,naira_rates,"Crypto P2P | BUY (Average)
Sat September, 09:00:05 AM 

ğŸª™ 1 ETH &gt;&gt;&gt;&gt;&gt; â‚¦1,225,864.470
ğŸª™ 1 BTC &gt;&gt;&gt;&gt;&gt; â‚¦15,111,416.673
ğŸª™ 1 BNB &gt;&gt;&gt;&gt;&gt; â‚¦208,536.388
ğŸª™ 1 SOL &gt;&gt;&gt;&gt;&gt; â‚¦25,573.486
ğŸª™ 1 USDT &gt;&gt;&gt;&gt;&gt; â‚¦701.871
ğŸª™ 1 USDC &gt;&gt;&gt;&gt;&gt; â‚¦701.502

 v1.0.5",28,9,2022-09-10 09:00:05+00:00
136,2022-10-27 15:05:26.341246,naira_rates,"Fri September, 11:05:00 AM 

ğŸ’µ 1 USD &gt;&gt;&gt;&gt;&gt; â‚¦693.042
ğŸ’· 1 GBP &gt;&gt;&gt;&gt;&gt; â‚¦844.324
ğŸ’¶ 1 EUR &gt;&gt;&gt;&gt;&gt; â‚¦716.092

 v1.0.5",141,33,2022-09-09 11:05:01+00:00
137,2022-10-27 15:05:26.341246,naira_rates,"Crypto P2P | SELL (Average)
Fri September, 09:00:09 AM 

ğŸª™ 1 ETH &gt;&gt;&gt;&gt;&gt; â‚¦1,202,643.716
ğŸª™ 1 BTC &gt;&gt;&gt;&gt;&gt; â‚¦14,755,233.171
ğŸª™ 1 BNB &gt;&gt;&gt;&gt;&gt; â‚¦204,545.000
ğŸª™ 1 SOL &gt;&gt;&gt;&gt;&gt; â‚¦24,815.150
ğŸª™ 1 USDT &gt;&gt;&gt;&gt;&gt; â‚¦707.395
ğŸª™ 1 USDC &gt;&gt;&gt;&gt;&gt; â‚¦707.934

 v1.0.5",52,13,2022-09-09 09:00:10+00:00
138,2022-10-27 15:05:26.341246,naira_rates,"Crypto P2P | BUY (Average)
Fri September, 09:00:05 AM 

ğŸª™ 1 ETH &gt;&gt;&gt;&gt;&gt; â‚¦1,215,597.798
ğŸª™ 1 BTC &gt;&gt;&gt;&gt;&gt; â‚¦14,712,740.376
ğŸª™ 1 BNB &gt;&gt;&gt;&gt;&gt; â‚¦205,406.131
ğŸª™ 1 SOL &gt;&gt;&gt;&gt;&gt; â‚¦25,972.199
ğŸª™ 1 USDT &gt;&gt;&gt;&gt;&gt; â‚¦706.233
ğŸª™ 1 USDC &gt;&gt;&gt;&gt;&gt; â‚¦706.771

 v1.0.5",31,4,2022-09-09 09:00:05+00:00
139,2022-10-27 15:05:26.341246,naira_rates,"Thu September, 11:05:01 AM 

ğŸ’µ 1 USD &gt;&gt;&gt;&gt;&gt; â‚¦693.042
ğŸ’· 1 GBP &gt;&gt;&gt;&gt;&gt; â‚¦844.324
ğŸ’¶ 1 EUR &gt;&gt;&gt;&gt;&gt; â‚¦716.092

 v1.0.5",140,43,2022-09-08 11:05:01+00:00
140,2022-10-27 15:05:26.341246,naira_rates,"Crypto P2P | SELL (Average)
Thu September, 09:00:07 AM 

ğŸª™ 1 ETH &gt;&gt;&gt;&gt;&gt; â‚¦1,143,502.066
ğŸª™ 1 BTC &gt;&gt;&gt;&gt;&gt; â‚¦13,640,860.402
ğŸª™ 1 BNB &gt;&gt;&gt;&gt;&gt; â‚¦196,284.581
ğŸª™ 1 SOL &gt;&gt;&gt;&gt;&gt; â‚¦22,993.809
ğŸª™ 1 USDT &gt;&gt;&gt;&gt;&gt; â‚¦708.408
ğŸª™ 1 USDC &gt;&gt;&gt;&gt;&gt; â‚¦708.381

 v1.0.5",67,17,2022-09-08 09:00:07+00:00
141,2022-10-27 15:05:26.341246,naira_rates,"Crypto P2P | BUY (Average)
Thu September, 09:00:04 AM 

ğŸª™ 1 ETH &gt;&gt;&gt;&gt;&gt; â‚¦1,155,644.474
ğŸª™ 1 BTC &gt;&gt;&gt;&gt;&gt; â‚¦13,629,813.663
ğŸª™ 1 BNB &gt;&gt;&gt;&gt;&gt; â‚¦197,171.527
ğŸª™ 1 SOL &gt;&gt;&gt;&gt;&gt; â‚¦25,157.172
ğŸª™ 1 USDT &gt;&gt;&gt;&gt;&gt; â‚¦706.293
ğŸª™ 1 USDC &gt;&gt;&gt;&gt;&gt; â‚¦706.266

 v1.0.5",27,3,2022-09-08 09:00:04+00:00
142,2022-10-27 15:05:26.341246,naira_rates,"Wed September, 11:05:01 AM 

ğŸ’µ 1 USD &gt;&gt;&gt;&gt;&gt; â‚¦691.131
ğŸ’· 1 GBP &gt;&gt;&gt;&gt;&gt; â‚¦841.997
ğŸ’¶ 1 EUR &gt;&gt;&gt;&gt;&gt; â‚¦714.118

 v1.0.5",117,39,2022-09-07 11:05:01+00:00
143,2022-10-27 15:05:26.341246,naira_rates,"Crypto P2P | SELL (Average)
Wed September, 09:00:08 AM 

ğŸª™ 1 ETH &gt;&gt;&gt;&gt;&gt; â‚¦1,073,734.301
ğŸª™ 1 BTC &gt;&gt;&gt;&gt;&gt; â‚¦13,430,651.630
ğŸª™ 1 BNB &gt;&gt;&gt;&gt;&gt; â‚¦187,945.038
ğŸª™ 1 SOL &gt;&gt;&gt;&gt;&gt; â‚¦21,854.292
ğŸª™ 1 USDT &gt;&gt;&gt;&gt;&gt; â‚¦706.465
ğŸª™ 1 USDC &gt;&gt;&gt;&gt;&gt; â‚¦706.324

 v1.0.5",44,15,2022-09-07 09:00:08+00:00
144,2022-10-27 15:05:26.341246,naira_rates,"Crypto P2P | BUY (Average)
Wed September, 09:00:04 AM 

ğŸª™ 1 ETH &gt;&gt;&gt;&gt;&gt; â‚¦1,097,699.949
ğŸª™ 1 BTC &gt;&gt;&gt;&gt;&gt; â‚¦13,357,376.437
ğŸª™ 1 BNB &gt;&gt;&gt;&gt;&gt; â‚¦187,661.597
ğŸª™ 1 SOL &gt;&gt;&gt;&gt;&gt; â‚¦24,113.447
ğŸª™ 1 USDT &gt;&gt;&gt;&gt;&gt; â‚¦705.911
ğŸª™ 1 USDC &gt;&gt;&gt;&gt;&gt; â‚¦705.770

 v1.0.5",24,9,2022-09-07 09:00:05+00:00
145,2022-10-27 15:05:26.341246,naira_rates,"Tue September, 11:05:01 AM 

ğŸ’µ 1 USD &gt;&gt;&gt;&gt;&gt; â‚¦691.131
ğŸ’· 1 GBP &gt;&gt;&gt;&gt;&gt; â‚¦841.997
ğŸ’¶ 1 EUR &gt;&gt;&gt;&gt;&gt; â‚¦714.118

 v1.0.5",186,58,2022-09-06 11:05:01+00:00
146,2022-10-27 15:05:26.341246,naira_rates,"Crypto P2P | SELL (Average)
Tue September, 09:00:08 AM 

ğŸª™ 1 ETH &gt;&gt;&gt;&gt;&gt; â‚¦1,170,482.430
ğŸª™ 1 BTC &gt;&gt;&gt;&gt;&gt; â‚¦14,197,712.937
ğŸª™ 1 BNB &gt;&gt;&gt;&gt;&gt; â‚¦197,860.828
ğŸª™ 1 SOL &gt;&gt;&gt;&gt;&gt; â‚¦22,933.417
ğŸª™ 1 USDT &gt;&gt;&gt;&gt;&gt; â‚¦705.808
ğŸª™ 1 USDC &gt;&gt;&gt;&gt;&gt; â‚¦705.490

 v1.0.5",48,15,2022-09-06 09:00:08+00:00
147,2022-10-27 15:05:26.341246,naira_rates,"Crypto P2P | BUY (Average)
Tue September, 09:00:05 AM 

ğŸª™ 1 ETH &gt;&gt;&gt;&gt;&gt; â‚¦1,183,338.017
ğŸª™ 1 BTC &gt;&gt;&gt;&gt;&gt; â‚¦14,111,117.833
ğŸª™ 1 BNB &gt;&gt;&gt;&gt;&gt; â‚¦199,315.650
ğŸª™ 1 SOL &gt;&gt;&gt;&gt;&gt; â‚¦25,243.624
ğŸª™ 1 USDT &gt;&gt;&gt;&gt;&gt; â‚¦704.344
ğŸª™ 1 USDC &gt;&gt;&gt;&gt;&gt; â‚¦704.027

 v1.0.5",46,10,2022-09-06 09:00:05+00:00
148,2022-10-27 15:05:26.341246,naira_rates,"Mon September, 11:05:01 AM 

ğŸ’µ 1 USD &gt;&gt;&gt;&gt;&gt; â‚¦689.231
ğŸ’· 1 GBP &gt;&gt;&gt;&gt;&gt; â‚¦839.682
ğŸ’¶ 1 EUR &gt;&gt;&gt;&gt;&gt; â‚¦712.155

 v1.0.5",106,30,2022-09-05 11:05:01+00:00
149,2022-10-27 15:05:26.341246,naira_rates,"Crypto P2P | SELL (Average)
Mon September, 09:00:12 AM 

ğŸª™ 1 ETH &gt;&gt;&gt;&gt;&gt; â‚¦1,120,453.170
ğŸª™ 1 BTC &gt;&gt;&gt;&gt;&gt; â‚¦14,272,889.536
ğŸª™ 1 BNB &gt;&gt;&gt;&gt;&gt; â‚¦197,248.981
ğŸª™ 1 SOL &gt;&gt;&gt;&gt;&gt; â‚¦22,335.062
ğŸª™ 1 USDT &gt;&gt;&gt;&gt;&gt; â‚¦705.695
ğŸª™ 1 USDC &gt;&gt;&gt;&gt;&gt; â‚¦705.714

 v1.0.5",79,14,2022-09-05 09:00:13+00:00
150,2022-10-27 15:05:26.341246,naira_rates,"Crypto P2P | BUY (Average)
Mon September, 09:00:07 AM 

ğŸª™ 1 ETH &gt;&gt;&gt;&gt;&gt; â‚¦1,115,966.109
ğŸª™ 1 BTC &gt;&gt;&gt;&gt;&gt; â‚¦13,999,192.983
ğŸª™ 1 BNB &gt;&gt;&gt;&gt;&gt; â‚¦195,414.582
ğŸª™ 1 SOL &gt;&gt;&gt;&gt;&gt; â‚¦24,222.984
ğŸª™ 1 USDT &gt;&gt;&gt;&gt;&gt; â‚¦701.113
ğŸª™ 1 USDC &gt;&gt;&gt;&gt;&gt; â‚¦701.132

 v1.0.5",34,5,2022-09-05 09:00:07+00:00
151,2022-10-27 15:05:26.341246,naira_rates,"Sun September, 11:05:01 AM 

ğŸ’µ 1 USD &gt;&gt;&gt;&gt;&gt; â‚¦689.231
ğŸ’· 1 GBP &gt;&gt;&gt;&gt;&gt; â‚¦839.682
ğŸ’¶ 1 EUR &gt;&gt;&gt;&gt;&gt; â‚¦712.155

 v1.0.5",85,21,2022-09-04 11:05:01+00:00
152,2022-10-27 15:05:26.341246,naira_rates,"Crypto P2P | SELL (Average)
Sun September, 09:00:09 AM 

ğŸª™ 1 ETH &gt;&gt;&gt;&gt;&gt; â‚¦1,085,344.015
ğŸª™ 1 BTC &gt;&gt;&gt;&gt;&gt; â‚¦13,905,349.015
ğŸª™ 1 BNB &gt;&gt;&gt;&gt;&gt; â‚¦193,791.717
ğŸª™ 1 SOL &gt;&gt;&gt;&gt;&gt; â‚¦21,564.766
ğŸª™ 1 USDT &gt;&gt;&gt;&gt;&gt; â‚¦703.253
ğŸª™ 1 USDC &gt;&gt;&gt;&gt;&gt; â‚¦703.302

 v1.0.5",60,15,2022-09-04 09:00:09+00:00
153,2022-10-27 15:05:26.341246,naira_rates,"Crypto P2P | BUY (Average)
Sun September, 09:00:04 AM 

ğŸª™ 1 ETH &gt;&gt;&gt;&gt;&gt; â‚¦1,127,680.345
ğŸª™ 1 BTC &gt;&gt;&gt;&gt;&gt; â‚¦13,868,078.386
ğŸª™ 1 BNB &gt;&gt;&gt;&gt;&gt; â‚¦195,229.614
ğŸª™ 1 SOL &gt;&gt;&gt;&gt;&gt; â‚¦24,025.751
ğŸª™ 1 USDT &gt;&gt;&gt;&gt;&gt; â‚¦699.975
ğŸª™ 1 USDC &gt;&gt;&gt;&gt;&gt; â‚¦700.024

 v1.0.5",68,18,2022-09-04 09:00:05+00:00
154,2022-10-27 15:05:26.341246,naira_rates,"Sat September, 11:05:01 AM 

ğŸ’µ 1 USD &gt;&gt;&gt;&gt;&gt; â‚¦689.231
ğŸ’· 1 GBP &gt;&gt;&gt;&gt;&gt; â‚¦839.682
ğŸ’¶ 1 EUR &gt;&gt;&gt;&gt;&gt; â‚¦712.155

 v1.0.5",155,38,2022-09-03 11:05:01+00:00
155,2022-10-27 15:05:26.341246,naira_rates,"Crypto P2P | SELL (Average)
Sat September, 09:00:10 AM 

ğŸª™ 1 ETH &gt;&gt;&gt;&gt;&gt; â‚¦1,078,597.990
ğŸª™ 1 BTC &gt;&gt;&gt;&gt;&gt; â‚¦13,942,506.351
ğŸª™ 1 BNB &gt;&gt;&gt;&gt;&gt; â‚¦191,679.437
ğŸª™ 1 SOL &gt;&gt;&gt;&gt;&gt; â‚¦21,411.006
ğŸª™ 1 USDT &gt;&gt;&gt;&gt;&gt; â‚¦699.853
ğŸª™ 1 USDC &gt;&gt;&gt;&gt;&gt; â‚¦700.053

 v1.0.5",40,8,2022-09-03 09:00:10+00:00
156,2022-10-27 15:05:26.341246,naira_rates,"Crypto P2P | BUY (Average)
Sat September, 09:00:06 AM 

ğŸª™ 1 ETH &gt;&gt;&gt;&gt;&gt; â‚¦1,114,462.135
ğŸª™ 1 BTC &gt;&gt;&gt;&gt;&gt; â‚¦13,971,863.805
ğŸª™ 1 BNB &gt;&gt;&gt;&gt;&gt; â‚¦193,525.636
ğŸª™ 1 SOL &gt;&gt;&gt;&gt;&gt; â‚¦24,055.496
ğŸª™ 1 USDT &gt;&gt;&gt;&gt;&gt; â‚¦698.409
ğŸª™ 1 USDC &gt;&gt;&gt;&gt;&gt; â‚¦698.608

 v1.0.5",45,7,2022-09-03 09:00:06+00:00
157,2022-10-27 15:05:26.341246,naira_rates,"Fri September, 11:05:01 AM 

ğŸ’µ 1 USD &gt;&gt;&gt;&gt;&gt; â‚¦689.231
ğŸ’· 1 GBP &gt;&gt;&gt;&gt;&gt; â‚¦839.682
ğŸ’¶ 1 EUR &gt;&gt;&gt;&gt;&gt; â‚¦712.155

 v1.0.5",164,41,2022-09-02 11:05:01+00:00
158,2022-10-27 15:05:26.341246,naira_rates,"Crypto P2P | SELL (Average)
Fri September, 09:00:10 AM 

ğŸª™ 1 ETH &gt;&gt;&gt;&gt;&gt; â‚¦1,110,617.177
ğŸª™ 1 BTC &gt;&gt;&gt;&gt;&gt; â‚¦14,124,934.469
ğŸª™ 1 BNB &gt;&gt;&gt;&gt;&gt; â‚¦193,847.559
ğŸª™ 1 SOL &gt;&gt;&gt;&gt;&gt; â‚¦21,746.153
ğŸª™ 1 USDT &gt;&gt;&gt;&gt;&gt; â‚¦699.035
ğŸª™ 1 USDC &gt;&gt;&gt;&gt;&gt; â‚¦699.034

 v1.0.5",56,16,2022-09-02 09:00:10+00:00
159,2022-10-27 15:05:26.341246,naira_rates,"Crypto P2P | BUY (Average)
Fri September, 09:00:04 AM 

ğŸª™ 1 ETH &gt;&gt;&gt;&gt;&gt; â‚¦1,118,108.027
ğŸª™ 1 BTC &gt;&gt;&gt;&gt;&gt; â‚¦14,086,834.450
ğŸª™ 1 BNB &gt;&gt;&gt;&gt;&gt; â‚¦195,382.729
ğŸª™ 1 SOL &gt;&gt;&gt;&gt;&gt; â‚¦23,663.091
ğŸª™ 1 USDT &gt;&gt;&gt;&gt;&gt; â‚¦697.263
ğŸª™ 1 USDC &gt;&gt;&gt;&gt;&gt; â‚¦697.262

 v1.0.5",36,5,2022-09-02 09:00:04+00:00
160,2022-10-27 15:05:26.341246,naira_rates,"Thu September, 11:05:01 AM 

ğŸ’µ 1 USD &gt;&gt;&gt;&gt;&gt; â‚¦689.231
ğŸ’· 1 GBP &gt;&gt;&gt;&gt;&gt; â‚¦839.682
ğŸ’¶ 1 EUR &gt;&gt;&gt;&gt;&gt; â‚¦712.155

 v1.0.5",153,39,2022-09-01 11:05:01+00:00
161,2022-10-27 15:05:26.341246,naira_rates,"Crypto P2P | SELL (Average)
Thu September, 09:00:09 AM 

ğŸª™ 1 ETH &gt;&gt;&gt;&gt;&gt; â‚¦1,064,052.812
ğŸª™ 1 BTC &gt;&gt;&gt;&gt;&gt; â‚¦13,821,340.689
ğŸª™ 1 BNB &gt;&gt;&gt;&gt;&gt; â‚¦189,940.607
ğŸª™ 1 SOL &gt;&gt;&gt;&gt;&gt; â‚¦21,115.839
ğŸª™ 1 USDT &gt;&gt;&gt;&gt;&gt; â‚¦693.823
ğŸª™ 1 USDC &gt;&gt;&gt;&gt;&gt; â‚¦693.870

 v1.0.5",72,15,2022-09-01 09:00:09+00:00
162,2022-10-27 15:05:26.341246,naira_rates,"Crypto P2P | BUY (Average)
Thu September, 09:00:05 AM 

ğŸª™ 1 ETH &gt;&gt;&gt;&gt;&gt; â‚¦1,086,334.636
ğŸª™ 1 BTC &gt;&gt;&gt;&gt;&gt; â‚¦13,898,885.891
ğŸª™ 1 BNB &gt;&gt;&gt;&gt;&gt; â‚¦192,523.903
ğŸª™ 1 SOL &gt;&gt;&gt;&gt;&gt; â‚¦23,878.983
ğŸª™ 1 USDT &gt;&gt;&gt;&gt;&gt; â‚¦691.188
ğŸª™ 1 USDC &gt;&gt;&gt;&gt;&gt; â‚¦691.235

 v1.0.5",25,4,2022-09-01 09:00:05+00:00
163,2022-10-27 15:05:26.341246,naira_rates,"Wed August, 11:05:00 AM 

ğŸ’µ 1 USD &gt;&gt;&gt;&gt;&gt; â‚¦689.231
ğŸ’· 1 GBP &gt;&gt;&gt;&gt;&gt; â‚¦839.682
ğŸ’¶ 1 EUR &gt;&gt;&gt;&gt;&gt; â‚¦712.155

 v1.0.5",151,41,2022-08-31 11:05:01+00:00
164,2022-10-27 15:05:26.341246,naira_rates,"Crypto P2P | SELL (Average)
Wed August, 09:00:08 AM 

ğŸª™ 1 ETH &gt;&gt;&gt;&gt;&gt; â‚¦1,105,806.784
ğŸª™ 1 BTC &gt;&gt;&gt;&gt;&gt; â‚¦14,272,778.474
ğŸª™ 1 BNB &gt;&gt;&gt;&gt;&gt; â‚¦199,283.427
ğŸª™ 1 SOL &gt;&gt;&gt;&gt;&gt; â‚¦22,355.551
ğŸª™ 1 USDT &gt;&gt;&gt;&gt;&gt; â‚¦700.973
ğŸª™ 1 USDC &gt;&gt;&gt;&gt;&gt; â‚¦701.044

 v1.0.5",41,9,2022-08-31 09:00:09+00:00
165,2022-10-27 15:05:26.341246,naira_rates,"Crypto P2P | BUY (Average)
Wed August, 09:00:05 AM 

ğŸª™ 1 ETH &gt;&gt;&gt;&gt;&gt; â‚¦1,122,283.151
ğŸª™ 1 BTC &gt;&gt;&gt;&gt;&gt; â‚¦14,194,260.445
ğŸª™ 1 BNB &gt;&gt;&gt;&gt;&gt; â‚¦202,285.192
ğŸª™ 1 SOL &gt;&gt;&gt;&gt;&gt; â‚¦24,290.767
ğŸª™ 1 USDT &gt;&gt;&gt;&gt;&gt; â‚¦698.890
ğŸª™ 1 USDC &gt;&gt;&gt;&gt;&gt; â‚¦698.961

 v1.0.5",29,4,2022-08-31 09:00:05+00:00
166,2022-10-27 15:05:26.341246,naira_rates,"Tue August, 11:05:00 AM 

ğŸ’µ 1 USD &gt;&gt;&gt;&gt;&gt; â‚¦689.231
ğŸ’· 1 GBP &gt;&gt;&gt;&gt;&gt; â‚¦839.682
ğŸ’¶ 1 EUR &gt;&gt;&gt;&gt;&gt; â‚¦712.155

 v1.0.5",137,45,2022-08-30 11:05:00+00:00
167,2022-10-27 15:05:26.341246,naira_rates,"Crypto P2P | SELL (Average)
Tue August, 09:00:10 AM 

ğŸª™ 1 ETH &gt;&gt;&gt;&gt;&gt; â‚¦1,118,142.656
ğŸª™ 1 BTC &gt;&gt;&gt;&gt;&gt; â‚¦14,348,587.606
ğŸª™ 1 BNB &gt;&gt;&gt;&gt;&gt; â‚¦203,028.765
ğŸª™ 1 SOL &gt;&gt;&gt;&gt;&gt; â‚¦22,669.463
ğŸª™ 1 USDT &gt;&gt;&gt;&gt;&gt; â‚¦703.424
ğŸª™ 1 USDC &gt;&gt;&gt;&gt;&gt; â‚¦703.576

 v1.0.5",65,13,2022-08-30 09:00:10+00:00
168,2022-10-27 15:05:26.341246,naira_rates,"Crypto P2P | BUY (Average)
Tue August, 09:00:05 AM 

ğŸª™ 1 ETH &gt;&gt;&gt;&gt;&gt; â‚¦1,122,110.764
ğŸª™ 1 BTC &gt;&gt;&gt;&gt;&gt; â‚¦14,291,092.161
ğŸª™ 1 BNB &gt;&gt;&gt;&gt;&gt; â‚¦203,961.419
ğŸª™ 1 SOL &gt;&gt;&gt;&gt;&gt; â‚¦24,584.684
ğŸª™ 1 USDT &gt;&gt;&gt;&gt;&gt; â‚¦696.626
ğŸª™ 1 USDC &gt;&gt;&gt;&gt;&gt; â‚¦696.777

 v1.0.5",55,16,2022-08-30 09:00:05+00:00
169,2022-10-27 15:05:26.341246,naira_rates,"Mon August, 11:05:01 AM 

ğŸ’µ 1 USD &gt;&gt;&gt;&gt;&gt; â‚¦689.231
ğŸ’· 1 GBP &gt;&gt;&gt;&gt;&gt; â‚¦839.682
ğŸ’¶ 1 EUR &gt;&gt;&gt;&gt;&gt; â‚¦712.155

 v1.0.5",168,43,2022-08-29 11:05:01+00:00
170,2022-10-27 15:05:26.341246,naira_rates,"Crypto P2P | SELL (Average)
Mon August, 09:00:08 AM 

ğŸª™ 1 ETH &gt;&gt;&gt;&gt;&gt; â‚¦1,033,774.748
ğŸª™ 1 BTC &gt;&gt;&gt;&gt;&gt; â‚¦14,269,523.446
ğŸª™ 1 BNB &gt;&gt;&gt;&gt;&gt; â‚¦195,162.556
ğŸª™ 1 SOL &gt;&gt;&gt;&gt;&gt; â‚¦21,169.740
ğŸª™ 1 USDT &gt;&gt;&gt;&gt;&gt; â‚¦704.143
ğŸª™ 1 USDC &gt;&gt;&gt;&gt;&gt; â‚¦704.305

 v1.0.5",83,20,2022-08-29 09:00:08+00:00
171,2022-10-27 15:05:26.341246,naira_rates,"Crypto P2P | BUY (Average)
Mon August, 09:00:04 AM 

ğŸª™ 1 ETH &gt;&gt;&gt;&gt;&gt; â‚¦1,032,585.791
ğŸª™ 1 BTC &gt;&gt;&gt;&gt;&gt; â‚¦13,990,368.221
ğŸª™ 1 BNB &gt;&gt;&gt;&gt;&gt; â‚¦195,674.271
ğŸª™ 1 SOL &gt;&gt;&gt;&gt;&gt; â‚¦23,332.170
ğŸª™ 1 USDT &gt;&gt;&gt;&gt;&gt; â‚¦698.537
ğŸª™ 1 USDC &gt;&gt;&gt;&gt;&gt; â‚¦698.698

 v1.0.5",55,12,2022-08-29 09:00:04+00:00
172,2022-10-27 15:05:26.341246,naira_rates,"Sun August, 11:05:01 AM 

ğŸ’µ 1 USD &gt;&gt;&gt;&gt;&gt; â‚¦689.231
ğŸ’· 1 GBP &gt;&gt;&gt;&gt;&gt; â‚¦839.682
ğŸ’¶ 1 EUR &gt;&gt;&gt;&gt;&gt; â‚¦712.155

 v1.0.5",175,52,2022-08-28 11:05:01+00:00
173,2022-10-27 15:05:26.341246,naira_rates,"Crypto P2P | SELL (Average)
Sun August, 09:00:09 AM 

ğŸª™ 1 ETH &gt;&gt;&gt;&gt;&gt; â‚¦1,049,542.129
ğŸª™ 1 BTC &gt;&gt;&gt;&gt;&gt; â‚¦14,147,221.144
ğŸª™ 1 BNB &gt;&gt;&gt;&gt;&gt; â‚¦195,402.105
ğŸª™ 1 SOL &gt;&gt;&gt;&gt;&gt; â‚¦21,815.380
ğŸª™ 1 USDT &gt;&gt;&gt;&gt;&gt; â‚¦700.898
ğŸª™ 1 USDC &gt;&gt;&gt;&gt;&gt; â‚¦701.065

 v1.0.5",105,28,2022-08-28 09:00:09+00:00
174,2022-10-27 15:05:26.341246,naira_rates,"Crypto P2P | BUY (Average)
Sun August, 09:00:04 AM 

ğŸª™ 1 ETH &gt;&gt;&gt;&gt;&gt; â‚¦1,057,139.335
ğŸª™ 1 BTC &gt;&gt;&gt;&gt;&gt; â‚¦14,128,737.951
ğŸª™ 1 BNB &gt;&gt;&gt;&gt;&gt; â‚¦197,741.481
ğŸª™ 1 SOL &gt;&gt;&gt;&gt;&gt; â‚¦24,421.262
ğŸª™ 1 USDT &gt;&gt;&gt;&gt;&gt; â‚¦697.224
ğŸª™ 1 USDC &gt;&gt;&gt;&gt;&gt; â‚¦697.390

 v1.0.5",34,9,2022-08-28 09:00:05+00:00
175,2022-10-27 15:05:26.341246,naira_rates,"Sat August, 11:05:01 AM 

ğŸ’µ 1 USD &gt;&gt;&gt;&gt;&gt; â‚¦689.231
ğŸ’· 1 GBP &gt;&gt;&gt;&gt;&gt; â‚¦839.682
ğŸ’¶ 1 EUR &gt;&gt;&gt;&gt;&gt; â‚¦712.155

 v1.0.5",140,38,2022-08-27 11:05:01+00:00
176,2022-10-27 15:05:26.341246,naira_rates,"Crypto P2P | SELL (Average)
Sat August, 09:00:11 AM 

ğŸª™ 1 ETH &gt;&gt;&gt;&gt;&gt; â‚¦1,057,669.377
ğŸª™ 1 BTC &gt;&gt;&gt;&gt;&gt; â‚¦14,357,303.570
ğŸª™ 1 BNB &gt;&gt;&gt;&gt;&gt; â‚¦195,721.848
ğŸª™ 1 SOL &gt;&gt;&gt;&gt;&gt; â‚¦22,056.357
ğŸª™ 1 USDT &gt;&gt;&gt;&gt;&gt; â‚¦699.245
ğŸª™ 1 USDC &gt;&gt;&gt;&gt;&gt; â‚¦699.353

 v1.0.5",87,24,2022-08-27 09:00:11+00:00
177,2022-10-27 15:05:26.341246,naira_rates,"Crypto P2P | BUY (Average)
Sat August, 09:00:06 AM 

ğŸª™ 1 ETH &gt;&gt;&gt;&gt;&gt; â‚¦1,060,989.667
ğŸª™ 1 BTC &gt;&gt;&gt;&gt;&gt; â‚¦14,236,608.742
ğŸª™ 1 BNB &gt;&gt;&gt;&gt;&gt; â‚¦197,598.732
ğŸª™ 1 SOL &gt;&gt;&gt;&gt;&gt; â‚¦24,923.206
ğŸª™ 1 USDT &gt;&gt;&gt;&gt;&gt; â‚¦696.365
ğŸª™ 1 USDC &gt;&gt;&gt;&gt;&gt; â‚¦696.472

 v1.0.5",37,9,2022-08-27 09:00:06+00:00
178,2022-10-27 15:05:26.341246,naira_rates,"Fri August, 11:05:00 AM 

ğŸ’µ 1 USD &gt;&gt;&gt;&gt;&gt; â‚¦689.231
ğŸ’· 1 GBP &gt;&gt;&gt;&gt;&gt; â‚¦839.682
ğŸ’¶ 1 EUR &gt;&gt;&gt;&gt;&gt; â‚¦712.155

 v1.0.5",164,56,2022-08-26 11:05:01+00:00
179,2022-10-27 15:05:26.341246,naira_rates,"Crypto P2P | SELL (Average)
Fri August, 09:00:10 AM 

ğŸª™ 1 ETH &gt;&gt;&gt;&gt;&gt; â‚¦1,160,638.583
ğŸª™ 1 BTC &gt;&gt;&gt;&gt;&gt; â‚¦15,085,828.804
ğŸª™ 1 BNB &gt;&gt;&gt;&gt;&gt; â‚¦206,612.380
ğŸª™ 1 SOL &gt;&gt;&gt;&gt;&gt; â‚¦23,884.687
ğŸª™ 1 USDT &gt;&gt;&gt;&gt;&gt; â‚¦698.938
ğŸª™ 1 USDC &gt;&gt;&gt;&gt;&gt; â‚¦698.905

 v1.0.5",78,16,2022-08-26 09:00:10+00:00
180,2022-10-27 15:05:26.341246,naira_rates,"Crypto P2P | BUY (Average)
Fri August, 09:00:05 AM 

ğŸª™ 1 ETH &gt;&gt;&gt;&gt;&gt; â‚¦1,164,604.058
ğŸª™ 1 BTC &gt;&gt;&gt;&gt;&gt; â‚¦15,004,172.237
ğŸª™ 1 BNB &gt;&gt;&gt;&gt;&gt; â‚¦207,325.652
ğŸª™ 1 SOL &gt;&gt;&gt;&gt;&gt; â‚¦26,795.379
ğŸª™ 1 USDT &gt;&gt;&gt;&gt;&gt; â‚¦696.108
ğŸª™ 1 USDC &gt;&gt;&gt;&gt;&gt; â‚¦696.075

 v1.0.5",43,7,2022-08-26 09:00:06+00:00
181,2022-10-27 15:05:26.341246,naira_rates,"Thu August, 11:05:01 AM 

ğŸ’µ 1 USD &gt;&gt;&gt;&gt;&gt; â‚¦677.590
ğŸ’· 1 GBP &gt;&gt;&gt;&gt;&gt; â‚¦825.500
ğŸ’¶ 1 EUR &gt;&gt;&gt;&gt;&gt; â‚¦700.127

 v1.0.5",158,45,2022-08-25 11:05:01+00:00
182,2022-10-27 15:05:26.341246,naira_rates,"Crypto P2P | SELL (Average)
Thu August, 09:00:10 AM 

ğŸª™ 1 ETH &gt;&gt;&gt;&gt;&gt; â‚¦1,187,838.177
ğŸª™ 1 BTC &gt;&gt;&gt;&gt;&gt; â‚¦15,204,895.635
ğŸª™ 1 BNB &gt;&gt;&gt;&gt;&gt; â‚¦210,907.479
ğŸª™ 1 SOL &gt;&gt;&gt;&gt;&gt; â‚¦24,997.800
ğŸª™ 1 USDT &gt;&gt;&gt;&gt;&gt; â‚¦697.874
ğŸª™ 1 USDC &gt;&gt;&gt;&gt;&gt; â‚¦698.082

 v1.0.5",228,45,2022-08-25 09:00:10+00:00
183,2022-10-27 15:05:26.341246,naira_rates,"Crypto P2P | BUY (Average)
Thu August, 09:00:05 AM 

ğŸª™ 1 ETH &gt;&gt;&gt;&gt;&gt; â‚¦1,199,621.641
ğŸª™ 1 BTC &gt;&gt;&gt;&gt;&gt; â‚¦15,150,067.862
ğŸª™ 1 BNB &gt;&gt;&gt;&gt;&gt; â‚¦212,724.255
ğŸª™ 1 SOL &gt;&gt;&gt;&gt;&gt; â‚¦27,403.839
ğŸª™ 1 USDT &gt;&gt;&gt;&gt;&gt; â‚¦696.164
ğŸª™ 1 USDC &gt;&gt;&gt;&gt;&gt; â‚¦696.371

 v1.0.5",32,4,2022-08-25 09:00:05+00:00
184,2022-10-27 15:05:26.341246,naira_rates,"Wed August, 11:05:01 AM 

ğŸ’µ 1 USD &gt;&gt;&gt;&gt;&gt; â‚¦683.128
ğŸ’· 1 GBP &gt;&gt;&gt;&gt;&gt; â‚¦832.247
ğŸ’¶ 1 EUR &gt;&gt;&gt;&gt;&gt; â‚¦705.849

 v1.0.5",129,51,2022-08-24 11:05:01+00:00
185,2022-10-27 15:05:26.341246,naira_rates,"Crypto P2P | SELL (Average)
Wed August, 09:00:07 AM 

ğŸª™ 1 ETH &gt;&gt;&gt;&gt;&gt; â‚¦1,131,400.132
ğŸª™ 1 BTC &gt;&gt;&gt;&gt;&gt; â‚¦14,869,861.083
ğŸª™ 1 BNB &gt;&gt;&gt;&gt;&gt; â‚¦204,659.698
ğŸª™ 1 SOL &gt;&gt;&gt;&gt;&gt; â‚¦24,008.284
ğŸª™ 1 USDT &gt;&gt;&gt;&gt;&gt; â‚¦695.723
ğŸª™ 1 USDC &gt;&gt;&gt;&gt;&gt; â‚¦695.957

 v1.0.5",81,19,2022-08-24 09:00:08+00:00
186,2022-10-27 15:05:26.341246,naira_rates,"Crypto P2P | BUY (Average)
Wed August, 09:00:04 AM 

ğŸª™ 1 ETH &gt;&gt;&gt;&gt;&gt; â‚¦1,143,639.736
ğŸª™ 1 BTC &gt;&gt;&gt;&gt;&gt; â‚¦14,911,256.789
ğŸª™ 1 BNB &gt;&gt;&gt;&gt;&gt; â‚¦206,741.609
ğŸª™ 1 SOL &gt;&gt;&gt;&gt;&gt; â‚¦26,872.903
ğŸª™ 1 USDT &gt;&gt;&gt;&gt;&gt; â‚¦693.027
ğŸª™ 1 USDC &gt;&gt;&gt;&gt;&gt; â‚¦693.260

 v1.0.5",51,21,2022-08-24 09:00:04+00:00
187,2022-10-27 15:05:26.341246,naira_rates,"Tue August, 11:05:01 AM 

ğŸ’µ 1 USD &gt;&gt;&gt;&gt;&gt; â‚¦683.128
ğŸ’· 1 GBP &gt;&gt;&gt;&gt;&gt; â‚¦832.247
ğŸ’¶ 1 EUR &gt;&gt;&gt;&gt;&gt; â‚¦705.849

 v1.0.5",192,65,2022-08-23 11:05:01+00:00
188,2022-10-27 15:05:26.341246,naira_rates,"Crypto P2P | SELL (Average)
Tue August, 09:00:11 AM 

ğŸª™ 1 ETH &gt;&gt;&gt;&gt;&gt; â‚¦1,123,970.559
ğŸª™ 1 BTC &gt;&gt;&gt;&gt;&gt; â‚¦15,096,726.876
ğŸª™ 1 BNB &gt;&gt;&gt;&gt;&gt; â‚¦208,130.094
ğŸª™ 1 SOL &gt;&gt;&gt;&gt;&gt; â‚¦23,967.290
ğŸª™ 1 USDT &gt;&gt;&gt;&gt;&gt; â‚¦694.010
ğŸª™ 1 USDC &gt;&gt;&gt;&gt;&gt; â‚¦693.954

 v1.0.5",61,20,2022-08-23 09:00:11+00:00
189,2022-10-27 15:05:26.341246,naira_rates,"Crypto P2P | BUY (Average)
Tue August, 09:00:05 AM 

ğŸª™ 1 ETH &gt;&gt;&gt;&gt;&gt; â‚¦1,131,356.680
ğŸª™ 1 BTC &gt;&gt;&gt;&gt;&gt; â‚¦15,051,274.513
ğŸª™ 1 BNB &gt;&gt;&gt;&gt;&gt; â‚¦209,188.843
ğŸª™ 1 SOL &gt;&gt;&gt;&gt;&gt; â‚¦26,864.539
ğŸª™ 1 USDT &gt;&gt;&gt;&gt;&gt; â‚¦690.421
ğŸª™ 1 USDC &gt;&gt;&gt;&gt;&gt; â‚¦690.365

 v1.0.5",62,19,2022-08-23 09:00:05+00:00
190,2022-10-27 15:05:26.341246,naira_rates,"Mon August, 11:05:01 AM 

ğŸ’µ 1 USD &gt;&gt;&gt;&gt;&gt; â‚¦676.219
ğŸ’· 1 GBP &gt;&gt;&gt;&gt;&gt; â‚¦830.107
ğŸ’¶ 1 EUR &gt;&gt;&gt;&gt;&gt; â‚¦703.953

 v1.0.5",172,53,2022-08-22 11:05:01+00:00
191,2022-10-27 15:05:26.341246,naira_rates,"Crypto P2P | SELL (Average)
Mon August, 09:00:10 AM 

ğŸª™ 1 ETH &gt;&gt;&gt;&gt;&gt; â‚¦1,083,903.531
ğŸª™ 1 BTC &gt;&gt;&gt;&gt;&gt; â‚¦14,773,019.004
ğŸª™ 1 BNB &gt;&gt;&gt;&gt;&gt; â‚¦200,894.567
ğŸª™ 1 SOL &gt;&gt;&gt;&gt;&gt; â‚¦23,449.339
ğŸª™ 1 USDT &gt;&gt;&gt;&gt;&gt; â‚¦692.065
ğŸª™ 1 USDC &gt;&gt;&gt;&gt;&gt; â‚¦691.029

 v1.0.5",59,19,2022-08-22 09:00:10+00:00
192,2022-10-27 15:05:26.341246,naira_rates,"Crypto P2P | BUY (Average)
Mon August, 09:00:05 AM 

ğŸª™ 1 ETH &gt;&gt;&gt;&gt;&gt; â‚¦1,089,510.489
ğŸª™ 1 BTC &gt;&gt;&gt;&gt;&gt; â‚¦14,687,453.467
ğŸª™ 1 BNB &gt;&gt;&gt;&gt;&gt; â‚¦202,191.577
ğŸª™ 1 SOL &gt;&gt;&gt;&gt;&gt; â‚¦26,830.570
ğŸª™ 1 USDT &gt;&gt;&gt;&gt;&gt; â‚¦690.697
ğŸª™ 1 USDC &gt;&gt;&gt;&gt;&gt; â‚¦689.663

 v1.0.5",35,11,2022-08-22 09:00:05+00:00
193,2022-10-27 15:05:26.341246,naira_rates,"Sun August, 11:05:01 AM 

ğŸ’µ 1 USD &gt;&gt;&gt;&gt;&gt; â‚¦676.219
ğŸ’· 1 GBP &gt;&gt;&gt;&gt;&gt; â‚¦830.107
ğŸ’¶ 1 EUR &gt;&gt;&gt;&gt;&gt; â‚¦703.953

 v1.0.5",165,60,2022-08-21 11:05:01+00:00
194,2022-10-27 15:05:26.341246,naira_rates,"Crypto P2P | SELL (Average)
Sun August, 09:00:09 AM 

ğŸª™ 1 ETH &gt;&gt;&gt;&gt;&gt; â‚¦1,095,265.846
ğŸª™ 1 BTC &gt;&gt;&gt;&gt;&gt; â‚¦14,644,314.035
ğŸª™ 1 BNB &gt;&gt;&gt;&gt;&gt; â‚¦202,668.406
ğŸª™ 1 SOL &gt;&gt;&gt;&gt;&gt; â‚¦23,969.921
ğŸª™ 1 USDT &gt;&gt;&gt;&gt;&gt; â‚¦685.447
ğŸª™ 1 USDC &gt;&gt;&gt;&gt;&gt; â‚¦685.060

 v1.0.5",86,18,2022-08-21 09:00:09+00:00
195,2022-10-27 15:05:26.341246,naira_rates,"Crypto P2P | BUY (Average)
Sun August, 09:00:04 AM 

ğŸª™ 1 ETH &gt;&gt;&gt;&gt;&gt; â‚¦1,118,307.253
ğŸª™ 1 BTC &gt;&gt;&gt;&gt;&gt; â‚¦14,633,771.256
ğŸª™ 1 BNB &gt;&gt;&gt;&gt;&gt; â‚¦204,370.622
ğŸª™ 1 SOL &gt;&gt;&gt;&gt;&gt; â‚¦27,190.993
ğŸª™ 1 USDT &gt;&gt;&gt;&gt;&gt; â‚¦683.822
ğŸª™ 1 USDC &gt;&gt;&gt;&gt;&gt; â‚¦683.436

 v1.0.5",60,4,2022-08-21 09:00:04+00:00
196,2022-10-27 15:05:26.341246,naira_rates,"Sat August, 11:05:00 AM 

ğŸ’µ 1 USD &gt;&gt;&gt;&gt;&gt; â‚¦676.219
ğŸ’· 1 GBP &gt;&gt;&gt;&gt;&gt; â‚¦838.039
ğŸ’¶ 1 EUR &gt;&gt;&gt;&gt;&gt; â‚¦708.781

 v1.0.5",182,59,2022-08-20 11:05:01+00:00
197,2022-10-27 15:05:26.341246,naira_rates,"Crypto P2P | SELL (Average)
Sat August, 09:00:08 AM 

ğŸª™ 1 ETH &gt;&gt;&gt;&gt;&gt; â‚¦1,118,212.967
ğŸª™ 1 BTC &gt;&gt;&gt;&gt;&gt; â‚¦14,692,398.008
ğŸª™ 1 BNB &gt;&gt;&gt;&gt;&gt; â‚¦195,849.456
ğŸª™ 1 SOL &gt;&gt;&gt;&gt;&gt; â‚¦24,791.591
ğŸª™ 1 USDT &gt;&gt;&gt;&gt;&gt; â‚¦685.023
ğŸª™ 1 USDC &gt;&gt;&gt;&gt;&gt; â‚¦684.907

 v1.0.5",63,17,2022-08-20 09:00:08+00:00
198,2022-10-27 15:05:26.341246,naira_rates,"Crypto P2P | BUY (Average)
Sat August, 09:00:03 AM 

ğŸª™ 1 ETH &gt;&gt;&gt;&gt;&gt; â‚¦1,139,054.031
ğŸª™ 1 BTC &gt;&gt;&gt;&gt;&gt; â‚¦14,618,724.104
ğŸª™ 1 BNB &gt;&gt;&gt;&gt;&gt; â‚¦198,492.656
ğŸª™ 1 SOL &gt;&gt;&gt;&gt;&gt; â‚¦29,062.163
ğŸª™ 1 USDT &gt;&gt;&gt;&gt;&gt; â‚¦682.520
ğŸª™ 1 USDC &gt;&gt;&gt;&gt;&gt; â‚¦682.405

 v1.0.5",43,6,2022-08-20 09:00:03+00:00
199,2022-10-27 15:05:26.341246,naira_rates,"Fri August, 11:05:00 AM 

ğŸ’µ 1 USD &gt;&gt;&gt;&gt;&gt; â‚¦673.495
ğŸ’· 1 GBP &gt;&gt;&gt;&gt;&gt; â‚¦834.662
ğŸ’¶ 1 EUR &gt;&gt;&gt;&gt;&gt; â‚¦705.925

 v1.0.5",193,57,2022-08-19 11:05:00+00:00
